# ************************************************************
# Sequel Pro SQL dump
# Version 4096
#
# http://www.sequelpro.com/
# http://code.google.com/p/sequel-pro/
#
# Host: 127.0.0.1 (MySQL 5.6.14)
# Database: commonsdev
# Generation Time: 2014-08-18 14:47:06 +0000
# ************************************************************


/*!40101 SET @OLD_CHARACTER_SET_CLIENT=@@CHARACTER_SET_CLIENT */;
/*!40101 SET @OLD_CHARACTER_SET_RESULTS=@@CHARACTER_SET_RESULTS */;
/*!40101 SET @OLD_COLLATION_CONNECTION=@@COLLATION_CONNECTION */;
/*!40101 SET NAMES utf8 */;
/*!40014 SET @OLD_FOREIGN_KEY_CHECKS=@@FOREIGN_KEY_CHECKS, FOREIGN_KEY_CHECKS=0 */;
/*!40101 SET @OLD_SQL_MODE=@@SQL_MODE, SQL_MODE='NO_AUTO_VALUE_ON_ZERO' */;
/*!40111 SET @OLD_SQL_NOTES=@@SQL_NOTES, SQL_NOTES=0 */;


# Dump of table wp_aha_assessment_board
# ------------------------------------------------------------

DROP TABLE IF EXISTS `wp_aha_assessment_board`;

CREATE TABLE `wp_aha_assessment_board` (
  `BOARD_ID` varchar(5) NOT NULL DEFAULT '',
  `Board_Name` varchar(57) DEFAULT NULL,
  `State` varchar(2) DEFAULT NULL,
  `State2` varchar(2) DEFAULT NULL,
  `Affiliate` varchar(17) DEFAULT NULL,
  `Nearest_MSA` varchar(80) DEFAULT NULL,
  `1.1.1.1` varchar(3) DEFAULT NULL,
  `1.1.1.2` varchar(3) DEFAULT NULL,
  `1.1.1.3` varchar(3) DEFAULT NULL,
  `1.1.1.4` varchar(12) DEFAULT NULL,
  `1.1.2.1` varchar(3) DEFAULT NULL,
  `1.1.2.2` varchar(4) DEFAULT NULL,
  `1.1.2.3` varchar(4) DEFAULT NULL,
  `1.1.2.4` varchar(3) DEFAULT NULL,
  `1.1.3.1` varchar(44) DEFAULT NULL,
  `1.2.1.1` decimal(5,2) DEFAULT NULL,
  `1.2.1.2` varchar(12) DEFAULT NULL,
  `1.2.2.1` decimal(5,2) DEFAULT NULL,
  `1.2.2.2` varchar(5) DEFAULT NULL,
  `1.2.3.1` varchar(44) DEFAULT NULL,
  `2.1.1.1` varchar(3) DEFAULT NULL,
  `2.1.1.2` varchar(2) DEFAULT NULL,
  `2.1.1.3` varchar(3) DEFAULT NULL,
  `2.1.2.1` varchar(12) DEFAULT NULL,
  `2.1.2.2` varchar(12) DEFAULT NULL,
  `2.1.2.3` varchar(12) DEFAULT NULL,
  `2.1.2.4` varchar(12) DEFAULT NULL,
  `2.1.3.1` varchar(44) DEFAULT NULL,
  `2.1.3.2` varchar(44) DEFAULT NULL,
  `2.1.4.1.1-2.1.4.1.3` varchar(10) DEFAULT NULL,
  `2.1.4.6` varchar(3) DEFAULT NULL,
  `2.2.1.1` varchar(41) DEFAULT NULL,
  `2.2.2.1` varchar(3) DEFAULT NULL,
  `2.2.2.2` varchar(255) DEFAULT NULL,
  `2.2.3.1` varchar(12) DEFAULT NULL,
  `2.2.3.2` varchar(12) DEFAULT NULL,
  `2.2.4.1` varchar(44) DEFAULT NULL,
  `2.2.5.1` varchar(10) DEFAULT NULL,
  `2.2.5.6` varchar(3) DEFAULT NULL,
  `2.3.1.1` varchar(29) DEFAULT NULL,
  `2.3.1.3` varchar(12) DEFAULT NULL,
  `2.3.2.1` varchar(3) DEFAULT NULL,
  `2.3.2.2` varchar(255) DEFAULT NULL,
  `2.3.3` varchar(255) DEFAULT NULL,
  `3.1.1.1` varchar(3) DEFAULT NULL,
  `3.1.1.1.1` varchar(6) DEFAULT NULL,
  `3.1.3.1-3.1.3.3` varchar(10) DEFAULT NULL,
  `3.1.3.6` varchar(3) DEFAULT NULL,
  `3.1.4` text,
  `3.2.1.1` varchar(10) DEFAULT NULL,
  `3.2.1.6` varchar(3) DEFAULT NULL,
  `3.2.2` varchar(3) DEFAULT NULL,
  `3.3.1.1` varchar(3) DEFAULT NULL,
  `3.3.1.2` varchar(10) DEFAULT NULL,
  `3.3.2.1` varchar(12) DEFAULT NULL,
  `3.3.2.2` varchar(12) DEFAULT NULL,
  `3.3.3.1` varchar(255) DEFAULT NULL,
  `3.3.3.2` varchar(255) DEFAULT NULL,
  `3.3.4` varchar(44) DEFAULT NULL,
  `3.4.1` varchar(54) DEFAULT NULL,
  `3.4.2` varchar(255) DEFAULT NULL,
  `3.4.3.1` varchar(12) DEFAULT NULL,
  `3.4.3.2` varchar(12) DEFAULT NULL,
  `3.4.4` varchar(44) DEFAULT NULL,
  `3.5.1` varchar(19) DEFAULT NULL,
  `3.5.2` varchar(3) DEFAULT NULL,
  `3.5.3` varchar(12) DEFAULT NULL,
  `3.5.4` varchar(44) DEFAULT NULL,
  `4.1.1` varchar(19) DEFAULT NULL,
  `4.1.2.1` decimal(5,2) DEFAULT NULL,
  `4.1.2.2` varchar(3) DEFAULT NULL,
  `4.1.3.1` varchar(12) DEFAULT NULL,
  `4.1.3.2` varchar(12) DEFAULT NULL,
  `4.1.4` varchar(44) DEFAULT NULL,
  `5.1.1` varchar(3) DEFAULT NULL,
  `5.1.2` varchar(12) DEFAULT NULL,
  `5.1.3` varchar(44) DEFAULT NULL,
  `5.1.4.1` varchar(10) DEFAULT NULL,
  `5.1.4.6` varchar(10) DEFAULT NULL,
  `6.1.1` varchar(3) DEFAULT NULL,
  `6.1.2` varchar(19) DEFAULT NULL,
  `6.1.3` varchar(19) DEFAULT NULL,
  `7.1.1` tinyint(1) DEFAULT NULL,
  `7.1.1.1` varchar(255) DEFAULT '',
  `7.1.2` tinyint(1) DEFAULT NULL,
  `7.1.2.1` varchar(255) DEFAULT '',
  `7.1.3` tinyint(1) DEFAULT NULL,
  `7.1.3.1` varchar(255) DEFAULT '',
  `7.1.4.1` tinyint(1) DEFAULT NULL,
  `7.1.4.2` tinyint(1) DEFAULT NULL,
  `7.1.4.3` tinyint(1) DEFAULT NULL,
  `8.1.2` varchar(3) DEFAULT '',
  `8.1.3` decimal(14,2) DEFAULT NULL,
  `8.1.4` decimal(14,2) DEFAULT NULL,
  `8.1.5` int(11) DEFAULT NULL,
  `9.4` varchar(255) DEFAULT '',
  `12.1.2` int(11) DEFAULT NULL,
  `12.2.1` decimal(5,2) DEFAULT NULL,
  `12.2.2` int(11) DEFAULT NULL,
  `12.2.3` varchar(255) DEFAULT '',
  `13.1.2` varchar(255) DEFAULT '',
  `13.1.3` varchar(3) DEFAULT '',
  `13.1.6` varchar(3) DEFAULT '',
  `14.1.1` varchar(3) DEFAULT '',
  `14.1.2` varchar(3) DEFAULT '',
  `14.1.3` decimal(5,2) DEFAULT NULL,
  `p1` tinyint(1) DEFAULT NULL,
  `p2` tinyint(1) DEFAULT NULL,
  `p3` tinyint(1) DEFAULT NULL,
  `p4` tinyint(1) DEFAULT NULL,
  `p5` tinyint(1) DEFAULT NULL,
  `p6` tinyint(1) DEFAULT NULL,
  `p7` tinyint(1) DEFAULT NULL,
  `p8` tinyint(1) DEFAULT NULL,
  `p9` tinyint(1) DEFAULT NULL,
  `p10` tinyint(1) DEFAULT NULL,
  `p11` tinyint(1) DEFAULT NULL,
  `p12` tinyint(1) DEFAULT NULL,
  `p13` tinyint(1) DEFAULT NULL,
  `p14` tinyint(1) DEFAULT NULL,
  `p15` tinyint(1) DEFAULT NULL,
  `p16` tinyint(1) DEFAULT NULL,
  `p17` tinyint(1) DEFAULT NULL,
  `p18` tinyint(1) DEFAULT NULL,
  `p19` tinyint(1) DEFAULT NULL,
  `p20` tinyint(1) DEFAULT NULL,
  `p21` tinyint(1) DEFAULT NULL,
  PRIMARY KEY (`BOARD_ID`),
  UNIQUE KEY `BOARD_ID` (`BOARD_ID`)
) ENGINE=InnoDB DEFAULT CHARSET=utf8;

LOCK TABLES `wp_aha_assessment_board` WRITE;
/*!40000 ALTER TABLE `wp_aha_assessment_board` DISABLE KEYS */;

INSERT INTO `wp_aha_assessment_board` (`BOARD_ID`, `Board_Name`, `State`, `State2`, `Affiliate`, `Nearest_MSA`, `1.1.1.1`, `1.1.1.2`, `1.1.1.3`, `1.1.1.4`, `1.1.2.1`, `1.1.2.2`, `1.1.2.3`, `1.1.2.4`, `1.1.3.1`, `1.2.1.1`, `1.2.1.2`, `1.2.2.1`, `1.2.2.2`, `1.2.3.1`, `2.1.1.1`, `2.1.1.2`, `2.1.1.3`, `2.1.2.1`, `2.1.2.2`, `2.1.2.3`, `2.1.2.4`, `2.1.3.1`, `2.1.3.2`, `2.1.4.1.1-2.1.4.1.3`, `2.1.4.6`, `2.2.1.1`, `2.2.2.1`, `2.2.2.2`, `2.2.3.1`, `2.2.3.2`, `2.2.4.1`, `2.2.5.1`, `2.2.5.6`, `2.3.1.1`, `2.3.1.3`, `2.3.2.1`, `2.3.2.2`, `2.3.3`, `3.1.1.1`, `3.1.1.1.1`, `3.1.3.1-3.1.3.3`, `3.1.3.6`, `3.1.4`, `3.2.1.1`, `3.2.1.6`, `3.2.2`, `3.3.1.1`, `3.3.1.2`, `3.3.2.1`, `3.3.2.2`, `3.3.3.1`, `3.3.3.2`, `3.3.4`, `3.4.1`, `3.4.2`, `3.4.3.1`, `3.4.3.2`, `3.4.4`, `3.5.1`, `3.5.2`, `3.5.3`, `3.5.4`, `4.1.1`, `4.1.2.1`, `4.1.2.2`, `4.1.3.1`, `4.1.3.2`, `4.1.4`, `5.1.1`, `5.1.2`, `5.1.3`, `5.1.4.1`, `5.1.4.6`, `6.1.1`, `6.1.2`, `6.1.3`, `7.1.1`, `7.1.1.1`, `7.1.2`, `7.1.2.1`, `7.1.3`, `7.1.3.1`, `7.1.4.1`, `7.1.4.2`, `7.1.4.3`, `8.1.2`, `8.1.3`, `8.1.4`, `8.1.5`, `9.4`, `12.1.2`, `12.2.1`, `12.2.2`, `12.2.3`, `13.1.2`, `13.1.3`, `13.1.6`, `14.1.1`, `14.1.2`, `14.1.3`, `p1`, `p2`, `p3`, `p4`, `p5`, `p6`, `p7`, `p8`, `p9`, `p10`, `p11`, `p12`, `p13`, `p14`, `p15`, `p16`, `p17`, `p18`, `p19`, `p20`, `p21`)
VALUES
	('FDA01','Albany (NY)','NY','','Founders','Albany-Schenectady-Troy, NY Metropolitan Statistical Area','1','1','1','','','100','100','100','Needs Improvement',NULL,'4.35',NULL,'','','','0','0','1','','','','','','','','','','','','','','','','','','','','','','','','','','','','','','','','','','','','','No','','','','','','','','',91.13,'','','','','','0','','','','','81','88',NULL,'',NULL,'',NULL,'',NULL,NULL,NULL,'',NULL,NULL,NULL,'',NULL,NULL,NULL,'','','','','','',NULL,NULL,NULL,NULL,NULL,NULL,NULL,NULL,NULL,NULL,NULL,NULL,NULL,NULL,NULL,NULL,NULL,NULL,NULL,NULL,NULL,NULL),
	('FDA02','Buffalo Niagara Region (NY)','NY','','Founders','Buffalo-Niagara Falls, NY Metropolitan Statistical Area','1','1','1','','','100','100','100','Needs Improvement',NULL,'4.35',NULL,'','','','0','0','1','','','','','','','','','','','','','','','','','','','','','','','','','','','','','','','','','','','','','No','','','','','','','','',91.15,'','','','','','0','','','','','28','10',NULL,'',NULL,'',NULL,'',NULL,NULL,NULL,'',NULL,NULL,NULL,'',NULL,NULL,NULL,'','','','','','',NULL,NULL,NULL,NULL,NULL,NULL,NULL,NULL,NULL,NULL,NULL,NULL,NULL,NULL,NULL,NULL,NULL,NULL,NULL,NULL,NULL,NULL),
	('FDA04','Dutchess-Ulster Counties (NY)','NY','','Founders','Poughkeepsie-Newburgh-Middletown, NY Metropolitan Statistical Area','1','1','1','','','100','100','100','Needs Improvement',NULL,'4.35',NULL,'','','','0','0','1','','','','','','','','','','','','','','','','','','','','','','','','','','','','','','','','','','','','','No','','','','','','','','',89.50,'','','','','','0','','','','','7','1',NULL,'',NULL,'',NULL,'',NULL,NULL,NULL,'',NULL,NULL,NULL,'',NULL,NULL,NULL,'','','','','','',NULL,NULL,NULL,NULL,NULL,NULL,NULL,NULL,NULL,NULL,NULL,NULL,NULL,NULL,NULL,NULL,NULL,NULL,NULL,NULL,NULL,NULL),
	('FDA05','Greater Boston (MA)','MA','','Founders','Boston-Cambridge-Quincy, MA-NH Metropolitan Statistical Area','1','1','1','','','100','100','100','Needs Improvement',NULL,'3.51',NULL,'','','','0','0','1','','','','','','','','','','','','','','','','','','','','','','','','','','','','','','','','','','','','','No','','','','','','','','',95.67,'','','','','','0','','','','','72','62',NULL,'',NULL,'',NULL,'',NULL,NULL,NULL,'',NULL,NULL,NULL,'',NULL,NULL,NULL,'','','','','','',NULL,NULL,NULL,NULL,NULL,NULL,NULL,NULL,NULL,NULL,NULL,NULL,NULL,NULL,NULL,NULL,NULL,NULL,NULL,NULL,NULL,NULL),
	('FDA06','Greater Hartford (CT)','CT','','Founders','Hartford-West Hartford-East Hartford, CT Metropolitan Statistical Area','1','1','0','','','100','100','0','Needs Improvement',NULL,'3.40',NULL,'','','','0','0','1','','','','','','','','','','','','','','','','','','','','','','','','','','','','','','','','','','','','','Yes, but does not meet our guidelines','','','','','','','','',90.68,'','','','','','1','','','','','62','54',NULL,'',NULL,'',NULL,'',NULL,NULL,NULL,'',NULL,NULL,NULL,'',NULL,NULL,NULL,'','','','','','',NULL,NULL,NULL,NULL,NULL,NULL,NULL,NULL,NULL,NULL,NULL,NULL,NULL,NULL,NULL,NULL,NULL,NULL,NULL,NULL,NULL,NULL),
	('FDA07','Long Island (NY)','NY','','Founders','New York-Northern New Jersey-Long Island, NY-NJ-PA Metropolitan Statistical Area','1','1','1','','','100','100','100','Needs Improvement',NULL,'4.35',NULL,'','','','0','0','1','','','','','','','','','','','','','','','','','','','','','','','','','','','','','','','','','','','','','No','','','','','','','','',89.23,'','','','','','0','','','','','43','45',NULL,'',NULL,'',NULL,'',NULL,NULL,NULL,'',NULL,NULL,NULL,'',NULL,NULL,NULL,'','','','','','',NULL,NULL,NULL,NULL,NULL,NULL,NULL,NULL,NULL,NULL,NULL,NULL,NULL,NULL,NULL,NULL,NULL,NULL,NULL,NULL,NULL,NULL),
	('FDA08','Maine (ME)','ME','','Founders','Portland-South Portland-Biddeford, ME Metropolitan Statistical Area','1','1','1','','','100','100','100','Needs Improvement',NULL,'2.00',NULL,'','','','0','0','1','','','','','','','','','','','','','','','','','','','','','','','','','','','','','','','','','','','','','Yes, but does not meet our guidelines','','','','','','','','',88.91,'','','','','','1','','','','','100','100',NULL,'',NULL,'',NULL,'',NULL,NULL,NULL,'',NULL,NULL,NULL,'',NULL,NULL,NULL,'','','','','','',NULL,NULL,NULL,NULL,NULL,NULL,NULL,NULL,NULL,NULL,NULL,NULL,NULL,NULL,NULL,NULL,NULL,NULL,NULL,NULL,NULL,NULL),
	('FDA09','New Hampshire  (NH)','NH','','Founders','Boston-Cambridge-Quincy, MA-NH Metropolitan Statistical Area','1','1','0','','','100','100','0','Needs Improvement',NULL,'1.78',NULL,'','','','0','0','1','','','','','','','','','','','','','','','','','','','','','','','','','','','','','','','','','','','','','Yes, but does not meet our guidelines','','','','','','','','',88.76,'','','','','','0','','','','','100','100',NULL,'',NULL,'',NULL,'',NULL,NULL,NULL,'',NULL,NULL,NULL,'',NULL,NULL,NULL,'','','','','','',NULL,NULL,NULL,NULL,NULL,NULL,NULL,NULL,NULL,NULL,NULL,NULL,NULL,NULL,NULL,NULL,NULL,NULL,NULL,NULL,NULL,NULL),
	('FDA10','New York (NY)','NY','','Founders','New York-Northern New Jersey-Long Island, NY-NJ-PA Metropolitan Statistical Area','1','1','1','','','100','100','100','Needs Improvement',NULL,'4.35',NULL,'1.5','','','0','0','1','','','','','','','','','','','','','','','','','','','','','','','','','','','','','','','','','','','','','No','','','','','','','','',84.02,'','','','','','0','','','','','28','22',NULL,'',NULL,'',NULL,'',NULL,NULL,NULL,'',NULL,NULL,NULL,'',NULL,NULL,NULL,'','','','','','',NULL,NULL,NULL,NULL,NULL,NULL,NULL,NULL,NULL,NULL,NULL,NULL,NULL,NULL,NULL,NULL,NULL,NULL,NULL,NULL,NULL,NULL),
	('FDA11','Northern New Jersey (NJ)','NJ','','Founders','New York-Northern New Jersey-Long Island, NY-NJ-PA Metropolitan Statistical Area','1','1','1','','','100','100','100','Needs Improvement',NULL,'2.70',NULL,'','','','0','0','1','','','','','','','','','','','','','','','','','','','','','','','','','','','','','','','','','','','','','No','','','','','','','','',83.21,'','','','','','1','','','','','42','23',NULL,'',NULL,'',NULL,'',NULL,NULL,NULL,'',NULL,NULL,NULL,'',NULL,NULL,NULL,'','','','','','',NULL,NULL,NULL,NULL,NULL,NULL,NULL,NULL,NULL,NULL,NULL,NULL,NULL,NULL,NULL,NULL,NULL,NULL,NULL,NULL,NULL,NULL),
	('FDA12','Orange-Sullivan-Rockland Counties (Tri County Board) (NY)','NY','','Founders','Poughkeepsie-Newburgh-Middletown, NY Metropolitan Statistical Area','1','1','1','','','100','100','100','Needs Improvement',NULL,'4.35',NULL,'','','','0','0','1','','','','','','','','','','','','','','','','','','','','','','','','','','','','','','','','','','','','','No','','','','','','','','',88.83,'','','','','','0','','','','','13','7',NULL,'',NULL,'',NULL,'',NULL,NULL,NULL,'',NULL,NULL,NULL,'',NULL,NULL,NULL,'','','','','','',NULL,NULL,NULL,NULL,NULL,NULL,NULL,NULL,NULL,NULL,NULL,NULL,NULL,NULL,NULL,NULL,NULL,NULL,NULL,NULL,NULL,NULL),
	('FDA13','Rhode Island (RI)','RI','','Founders','Providence-New Bedford-Fall River, RI-MA Metropolitan Statistical Area','1','1','1','','','100','100','100','Needs Improvement',NULL,'3.50',NULL,'','','','0','0','1','','','','','','','','','','','','','','','','','','','','','','','','','','','','','','','','','','','','','Yes, but does not meet our guidelines','','','','','','','','',89.86,'','','','','','1','','','','','49','41',NULL,'',NULL,'',NULL,'',NULL,NULL,NULL,'',NULL,NULL,NULL,'',NULL,NULL,NULL,'','','','','','',NULL,NULL,NULL,NULL,NULL,NULL,NULL,NULL,NULL,NULL,NULL,NULL,NULL,NULL,NULL,NULL,NULL,NULL,NULL,NULL,NULL,NULL),
	('FDA14','Rochester (NY)','NY','','Founders','Rochester, NY Metropolitan Statistical Area','1','1','1','','','100','100','100','Needs Improvement',NULL,'4.35',NULL,'','','','0','0','1','','','','','','','','','','','','','','','','','','','','','','','','','','','','','','','','','','','','','No','','','','','','','','',90.73,'','','','','','1','','','','','93','98',NULL,'',NULL,'',NULL,'',NULL,NULL,NULL,'',NULL,NULL,NULL,'',NULL,NULL,NULL,'','','','','','',NULL,NULL,NULL,NULL,NULL,NULL,NULL,NULL,NULL,NULL,NULL,NULL,NULL,NULL,NULL,NULL,NULL,NULL,NULL,NULL,NULL,NULL),
	('FDA15','Syracuse (NY)','NY','','Founders','Syracuse, NY Metropolitan Statistical Area','1','1','1','','','100','100','100','Needs Improvement',NULL,'4.35',NULL,'','','','0','0','1','','','','','','','','','','','','','','','','','','','','','','','','','','','','','','','','','','','','','No','','','','','','','','',90.24,'','','','','','1','','','','','1','0',NULL,'',NULL,'',NULL,'',NULL,NULL,NULL,'',NULL,NULL,NULL,'',NULL,NULL,NULL,'','','','','','',NULL,NULL,NULL,NULL,NULL,NULL,NULL,NULL,NULL,NULL,NULL,NULL,NULL,NULL,NULL,NULL,NULL,NULL,NULL,NULL,NULL,NULL),
	('FDA16','Utica (NY)','NY','','Founders','Utica-Rome, NY Metropolitan Statistical Area','1','1','1','','','100','100','100','Needs Improvement',NULL,'4.35',NULL,'','','','0','0','1','','','','','','','','','','','','','','','','','','','','','','','','','','','','','','','','','','','','','No','','','','','','','','',89.10,'','','','','','1','','','','','0','0',NULL,'',NULL,'',NULL,'',NULL,NULL,NULL,'',NULL,NULL,NULL,'',NULL,NULL,NULL,'','','','','','',NULL,NULL,NULL,NULL,NULL,NULL,NULL,NULL,NULL,NULL,NULL,NULL,NULL,NULL,NULL,NULL,NULL,NULL,NULL,NULL,NULL,NULL),
	('FDA17','Vermont (VT)','VT','','Founders','Burlington-South Burlington, VT Metropolitan Statistical Area','1','1','1','','','100','100','100','Needs Improvement',NULL,'2.75',NULL,'','','','0','0','1','','','','','','','','','','','','','','','','','','','','','','','','','','','','','','','','','','','','','Yes, meets our guidelines','','','','','','','','',92.96,'','','','','','0','','','','','100','100',NULL,'',NULL,'',NULL,'',NULL,NULL,NULL,'',NULL,NULL,NULL,'',NULL,NULL,NULL,'','','','','','',NULL,NULL,NULL,NULL,NULL,NULL,NULL,NULL,NULL,NULL,NULL,NULL,NULL,NULL,NULL,NULL,NULL,NULL,NULL,NULL,NULL,NULL),
	('FDA18','Southern NJ (NJ)','NJ','','Founders','Philadelphia-Camden-Wilmington, PA-NJ-DE-MD Metropolitan Statistical Area','1','1','1','','','100','100','100','Needs Improvement',NULL,'2.70',NULL,'','','','0','0','1','','','','','','','','','','','','','','','','','','','','','','','','','','','','','','','','','','','','','No','','','','','','','','',86.76,'','','','','','0','','','','','32','31',NULL,'',NULL,'',NULL,'',NULL,NULL,NULL,'',NULL,NULL,NULL,'',NULL,NULL,NULL,'','','','','','',NULL,NULL,NULL,NULL,NULL,NULL,NULL,NULL,NULL,NULL,NULL,NULL,NULL,NULL,NULL,NULL,NULL,NULL,NULL,NULL,NULL,NULL),
	('FDA19','Central NJ (NJ)','NJ','','Founders','New York-Northern New Jersey-Long Island, NY-NJ-PA Metropolitan Statistical Area','1','1','1','','','100','100','100','Needs Improvement',NULL,'2.70',NULL,'','','','0','0','1','','','','','','','','','','','','','','','','','','','','','','','','','','','','','','','','','','','','','No','','','','','','','','',86.63,'','','','','','0','','','','','32','29',NULL,'',NULL,'',NULL,'',NULL,NULL,NULL,'',NULL,NULL,NULL,'',NULL,NULL,NULL,'','','','','','',NULL,NULL,NULL,NULL,NULL,NULL,NULL,NULL,NULL,NULL,NULL,NULL,NULL,NULL,NULL,NULL,NULL,NULL,NULL,NULL,NULL,NULL),
	('GRA01','Adams (PA)','PA','','Great Rivers','Gettysburg, PA Micropolitan Statistical Area','0','0','1','','','0','0','100','Needs Improvement',NULL,'1.60',NULL,'1.2','','','0','0','1','','','','','','','','','','','','','','','','','','','','','','','','','','','','','','','','','','','','','No','','','','','','','','',87.65,'','','','','','0','','','','','0','0',NULL,'',NULL,'',NULL,'',NULL,NULL,NULL,'',NULL,NULL,NULL,'',NULL,NULL,NULL,'','','','','','',NULL,NULL,NULL,NULL,NULL,NULL,NULL,NULL,NULL,NULL,NULL,NULL,NULL,NULL,NULL,NULL,NULL,NULL,NULL,NULL,NULL,NULL),
	('GRA02','Akron (OH)','OH','','Great Rivers','Akron, OH Metropolitan Statistical Area','1','1','1','','','100','100','100','Needs Improvement',NULL,'1.25',NULL,'','','','0','0','1','','','','','','','','','','','','','','','','','','','','','','','','','','','','','','','','','','','','','No','','','','','','','','',86.70,'','','','','','0','','','','','82','92',NULL,'',NULL,'',NULL,'',NULL,NULL,NULL,'',NULL,NULL,NULL,'',NULL,NULL,NULL,'','','','','','',NULL,NULL,NULL,NULL,NULL,NULL,NULL,NULL,NULL,NULL,NULL,NULL,NULL,NULL,NULL,NULL,NULL,NULL,NULL,NULL,NULL,NULL),
	('GRA03','Allegheny (PA)','PA','','Great Rivers','Pittsburgh, PA Metropolitan Statistical Area','0','0','1','','','0','0','100','Needs Improvement',NULL,'1.60',NULL,'','','','0','0','1','','','','','','','','','','','','','','','','','','','','','','','','','','','','','','','','','','','','','No','','','','','','','','',89.81,'','','','','','1','','','','','66','76',NULL,'',NULL,'',NULL,'',NULL,NULL,NULL,'',NULL,NULL,NULL,'',NULL,NULL,NULL,'','','','','','',NULL,NULL,NULL,NULL,NULL,NULL,NULL,NULL,NULL,NULL,NULL,NULL,NULL,NULL,NULL,NULL,NULL,NULL,NULL,NULL,NULL,NULL),
	('GRA04','Beaver Butler Counties Board (PA)','PA','','Great Rivers','Pittsburgh, PA Metropolitan Statistical Area','0','0','1','','','0','0','100','Needs Improvement',NULL,'1.60',NULL,'','','','0','0','1','','','','','','','','','','','','','','','','','','','','','','','','','','','','','','','','','','','','','No','','','','','','','','',90.14,'','','','','','1','','','','','51','23',NULL,'',NULL,'',NULL,'',NULL,NULL,NULL,'',NULL,NULL,NULL,'',NULL,NULL,NULL,'','','','','','',NULL,NULL,NULL,NULL,NULL,NULL,NULL,NULL,NULL,NULL,NULL,NULL,NULL,NULL,NULL,NULL,NULL,NULL,NULL,NULL,NULL,NULL),
	('GRA05','Canton (OH)','OH','','Great Rivers','Canton-Massillon, OH Metropolitan Statistical Area','1','1','1','','','100','100','100','Needs Improvement',NULL,'1.25',NULL,'','','','0','0','1','','','','','','','','','','','','','','','','','','','','','','','','','','','','','','','','','','','','','No','','','','','','','','',85.20,'','','','','','0','','','','','100','100',NULL,'',NULL,'',NULL,'',NULL,NULL,NULL,'',NULL,NULL,NULL,'',NULL,NULL,NULL,'','','','','','',NULL,NULL,NULL,NULL,NULL,NULL,NULL,NULL,NULL,NULL,NULL,NULL,NULL,NULL,NULL,NULL,NULL,NULL,NULL,NULL,NULL,NULL),
	('GRA06','Capital Region (PA)','PA','','Great Rivers','Harrisburg-Carlisle, PA Metropolitan Statistical Area','0','0','1','','','0','0','100','Needs Improvement',NULL,'1.60',NULL,'','','','0','0','1','','','','','','','','','','','','','','','','','','','','','','','','','','','','','','','','','','','','','No','','','','','','','','',88.72,'','','','','','0','','','','','68','77',NULL,'',NULL,'',NULL,'',NULL,NULL,NULL,'',NULL,NULL,NULL,'',NULL,NULL,NULL,'','','','','','',NULL,NULL,NULL,NULL,NULL,NULL,NULL,NULL,NULL,NULL,NULL,NULL,NULL,NULL,NULL,NULL,NULL,NULL,NULL,NULL,NULL,NULL),
	('GRA07','Charleston (WV)','WV','','Great Rivers','Charleston, WV Metropolitan Statistical Area','0','0','0','','','74','70','82','Needs Improvement',NULL,'2.52',NULL,'','','','0','0','1','','','','','','','','','','','','','','','','','','','','','','','','','','','','','','','','','','','','','No','','','','','','','','',84.23,'','','','','','1','','','','','17','12',NULL,'',NULL,'',NULL,'',NULL,NULL,NULL,'',NULL,NULL,NULL,'',NULL,NULL,NULL,'','','','','','',NULL,NULL,NULL,NULL,NULL,NULL,NULL,NULL,NULL,NULL,NULL,NULL,NULL,NULL,NULL,NULL,NULL,NULL,NULL,NULL,NULL,NULL),
	('GRA08','Cincinnati (OH)','OH','','Great Rivers','Cincinnati-Middletown, OH-KY-IN Metropolitan Statistical Area','1','1','1','','','75','75','83','Needs Improvement',NULL,'1.25',NULL,'','','','0','0','1','','','','','','','','','','','','','','','','','','','','','','','','','','','','','','','','','','','','','No','','','','','','','','',87.24,'','','','','','0','','','','','70','82',NULL,'',NULL,'',NULL,'',NULL,NULL,NULL,'',NULL,NULL,NULL,'',NULL,NULL,NULL,'','','','','','',NULL,NULL,NULL,NULL,NULL,NULL,NULL,NULL,NULL,NULL,NULL,NULL,NULL,NULL,NULL,NULL,NULL,NULL,NULL,NULL,NULL,NULL),
	('GRA09','Cleveland (OH)','OH','','Great Rivers','Cleveland-Elyria-Mentor, OH Metropolitan Statistical Area','1','1','1','','','100','100','100','Needs Improvement',NULL,'1.25',NULL,'0.35','','','0','0','1','','','','','','','','','','','','','','','','','','','','','','','','','','','','','','','','','','','','','No','','','','','','','','',86.85,'','','','','','0','','','','','50','55',NULL,'',NULL,'',NULL,'',NULL,NULL,NULL,'',NULL,NULL,NULL,'',NULL,NULL,NULL,'','','','','','',NULL,NULL,NULL,NULL,NULL,NULL,NULL,NULL,NULL,NULL,NULL,NULL,NULL,NULL,NULL,NULL,NULL,NULL,NULL,NULL,NULL,NULL),
	('GRA10','Columbus (OH)','OH','','Great Rivers','Columbus, OH Metropolitan Statistical Area','1','1','1','','','100','100','100','Needs Improvement',NULL,'1.25',NULL,'','','','0','0','1','','','','','','','','','','','','','','','','','','','','','','','','','','','','','','','','','','','','','No','','','','','','','','',86.18,'','','','','','1','','','','','55','62',NULL,'',NULL,'',NULL,'',NULL,NULL,NULL,'',NULL,NULL,NULL,'',NULL,NULL,NULL,'','','','','','',NULL,NULL,NULL,NULL,NULL,NULL,NULL,NULL,NULL,NULL,NULL,NULL,NULL,NULL,NULL,NULL,NULL,NULL,NULL,NULL,NULL,NULL),
	('GRA11','Dayton (OH)','OH','','Great Rivers','Dayton, OH Metropolitan Statistical Area','1','1','1','','','100','100','100','Needs Improvement',NULL,'1.25',NULL,'','','','0','0','1','','','','','','','','','','','','','','','','','','','','','','','','','','','','','','','','','','','','','No','','','','','','','','',86.37,'','','','','','0','','','','','82','84',NULL,'',NULL,'',NULL,'',NULL,NULL,NULL,'',NULL,NULL,NULL,'',NULL,NULL,NULL,'','','','','','',NULL,NULL,NULL,NULL,NULL,NULL,NULL,NULL,NULL,NULL,NULL,NULL,NULL,NULL,NULL,NULL,NULL,NULL,NULL,NULL,NULL,NULL),
	('GRA12','Erie (PA)','PA','','Great Rivers','Erie, PA Metropolitan Statistical Area','0','0','1','','','0','0','100','Needs Improvement',NULL,'1.60',NULL,'','','','0','0','1','','','','','','','','','','','','','','','','','','','','','','','','','','','','','','','','','','','','','No','','','','','','','','',88.53,'','','','','','0','','','','','93','89',NULL,'',NULL,'',NULL,'',NULL,NULL,NULL,'',NULL,NULL,NULL,'',NULL,NULL,NULL,'','','','','','',NULL,NULL,NULL,NULL,NULL,NULL,NULL,NULL,NULL,NULL,NULL,NULL,NULL,NULL,NULL,NULL,NULL,NULL,NULL,NULL,NULL,NULL),
	('GRA13','Franklin Fulton (PA)','PA','','Great Rivers','Chambersburg, PA Micropolitan Statistical Area','0','0','1','','','0','0','100','Needs Improvement',NULL,'1.60',NULL,'','','','0','0','1','','','','','','','','','','','','','','','','','','','','','','','','','','','','','','','','','','','','','No','','','','','','','','',86.82,'','','','','','0','','','','','100','100',NULL,'',NULL,'',NULL,'',NULL,NULL,NULL,'',NULL,NULL,NULL,'',NULL,NULL,NULL,'','','','','','',NULL,NULL,NULL,NULL,NULL,NULL,NULL,NULL,NULL,NULL,NULL,NULL,NULL,NULL,NULL,NULL,NULL,NULL,NULL,NULL,NULL,NULL),
	('GRA14','Lancaster (PA)','PA','','Great Rivers','Lancaster, PA Metropolitan Statistical Area','0','0','1','','','0','0','100','Needs Improvement',NULL,'1.60',NULL,'','','','0','0','1','','','','','','','','','','','','','','','','','','','','','','','','','','','','','','','','','','','','','No','','','','','','','','',85.46,'','','','','','0','','','','','100','100',NULL,'',NULL,'',NULL,'',NULL,NULL,NULL,'',NULL,NULL,NULL,'',NULL,NULL,NULL,'','','','','','',NULL,NULL,NULL,NULL,NULL,NULL,NULL,NULL,NULL,NULL,NULL,NULL,NULL,NULL,NULL,NULL,NULL,NULL,NULL,NULL,NULL,NULL),
	('GRA15','Lebanon (PA)','PA','','Great Rivers','Lebanon, PA Metropolitan Statistical Area','0','0','1','','','0','0','100','Needs Improvement',NULL,'1.60',NULL,'','','','0','0','1','','','','','','','','','','','','','','','','','','','','','','','','','','','','','','','','','','','','','No','','','','','','','','',87.70,'','','','','','0','','','','','100','100',NULL,'',NULL,'',NULL,'',NULL,NULL,NULL,'',NULL,NULL,NULL,'',NULL,NULL,NULL,'','','','','','',NULL,NULL,NULL,NULL,NULL,NULL,NULL,NULL,NULL,NULL,NULL,NULL,NULL,NULL,NULL,NULL,NULL,NULL,NULL,NULL,NULL,NULL),
	('GRA16','Lehigh Valley (PA)','PA','','Great Rivers','Reading, PA Metropolitan Statistical Area','0','0','1','','','9','8','100','Needs Improvement',NULL,'1.60',NULL,'','','','0','0','1','','','','','','','','','','','','','','','','','','','','','','','','','','','','','','','','','','','','','No','','','','','','','','',87.19,'','','','','','0','','','','','77','78',NULL,'',NULL,'',NULL,'',NULL,NULL,NULL,'',NULL,NULL,NULL,'',NULL,NULL,NULL,'','','','','','',NULL,NULL,NULL,NULL,NULL,NULL,NULL,NULL,NULL,NULL,NULL,NULL,NULL,NULL,NULL,NULL,NULL,NULL,NULL,NULL,NULL,NULL),
	('GRA17','Lexington (KY)','KY','','Great Rivers','Lexington-Fayette, KY Metropolitan Statistical Area','0','0','0','','','56','53','50','Needs Improvement',NULL,'0.60',NULL,'','','','0','0','1','','','','','','','','','','','','','','','','','','','','','','','','','','','','','','','','','','','','','No','','','','','','','','',82.69,'','','','','','1','','','','','52','59',NULL,'',NULL,'',NULL,'',NULL,NULL,NULL,'',NULL,NULL,NULL,'',NULL,NULL,NULL,'','','','','','',NULL,NULL,NULL,NULL,NULL,NULL,NULL,NULL,NULL,NULL,NULL,NULL,NULL,NULL,NULL,NULL,NULL,NULL,NULL,NULL,NULL,NULL),
	('GRA18','Louisville (KY)','KY','','Great Rivers','Louisville-Jefferson County, KY-IN Metropolitan Statistical Area','0','0','0','','','86','63','81','Needs Improvement',NULL,'0.60',NULL,'','','','0','0','1','','','','','','','','','','','','','','','','','','','','','','','','','','','','','','','','','','','','','No','','','','','','','','',84.73,'','','','','','0','','','','','70','63',NULL,'',NULL,'',NULL,'',NULL,NULL,NULL,'',NULL,NULL,NULL,'',NULL,NULL,NULL,'','','','','','',NULL,NULL,NULL,NULL,NULL,NULL,NULL,NULL,NULL,NULL,NULL,NULL,NULL,NULL,NULL,NULL,NULL,NULL,NULL,NULL,NULL,NULL),
	('GRA19','Middletown (OH)','OH','','Great Rivers','Cincinnati-Middletown, OH-KY-IN Metropolitan Statistical Area','1','1','1','','','100','100','100','Needs Improvement',NULL,'1.25',NULL,'','','','0','0','1','','','','','','','','','','','','','','','','','','','','','','','','','','','','','','','','','','','','','No','','','','','','','','',86.75,'','','','','','0','','','','','92','97',NULL,'',NULL,'',NULL,'',NULL,NULL,NULL,'',NULL,NULL,NULL,'',NULL,NULL,NULL,'','','','','','',NULL,NULL,NULL,NULL,NULL,NULL,NULL,NULL,NULL,NULL,NULL,NULL,NULL,NULL,NULL,NULL,NULL,NULL,NULL,NULL,NULL,NULL),
	('GRA20','New Castle (DE)','DE','','Great Rivers','Philadelphia-Camden-Wilmington, PA-NJ-DE-MD Metropolitan Statistical Area','1','1','1','','','100','100','100','Needs Improvement',NULL,'1.60',NULL,'','','','0','0','1','','','','','','','','','','','','','','','','','','','','','','','','','','','','','','','','','','','','','No','','','','','','','','',90.18,'','','','','','0','','','','','0','0',NULL,'',NULL,'',NULL,'',NULL,NULL,NULL,'',NULL,NULL,NULL,'',NULL,NULL,NULL,'','','','','','',NULL,NULL,NULL,NULL,NULL,NULL,NULL,NULL,NULL,NULL,NULL,NULL,NULL,NULL,NULL,NULL,NULL,NULL,NULL,NULL,NULL,NULL),
	('GRA21','Northeast PA (PA)','PA','','Great Rivers','Scranton--Wilkes-Barre, PA Metropolitan Statistical Area','0','0','1','','','0','0','100','Needs Improvement',NULL,'1.60',NULL,'','','','0','0','1','','','','','','','','','','','','','','','','','','','','','','','','','','','','','','','','','','','','','No','','','','','','','','',87.48,'','','','','','0','','','','','73','81',NULL,'',NULL,'',NULL,'',NULL,NULL,NULL,'',NULL,NULL,NULL,'',NULL,NULL,NULL,'','','','','','',NULL,NULL,NULL,NULL,NULL,NULL,NULL,NULL,NULL,NULL,NULL,NULL,NULL,NULL,NULL,NULL,NULL,NULL,NULL,NULL,NULL,NULL),
	('GRA22','Philadelphia (PA)','PA','','Great Rivers','Philadelphia-Camden-Wilmington, PA-NJ-DE-MD Metropolitan Statistical Area','0','0','1','','','38','0','100','Needs Improvement',NULL,'1.60',NULL,'','','','0','0','1','','','','','','','','','','','','','','','','','','','','','','','','','','','','','','','','','','','','','No','','','','','','','','',88.42,'','','','','','0','','','','','82','76',NULL,'',NULL,'',NULL,'',NULL,NULL,NULL,'',NULL,NULL,NULL,'',NULL,NULL,NULL,'','','','','','',NULL,NULL,NULL,NULL,NULL,NULL,NULL,NULL,NULL,NULL,NULL,NULL,NULL,NULL,NULL,NULL,NULL,NULL,NULL,NULL,NULL,NULL),
	('GRA23','Southern Delaware (DE)','DE','','Great Rivers','Seaford, DE Micropolitan Statistical Area','1','1','1','','','100','100','100','Needs Improvement',NULL,'1.60',NULL,'','','','0','0','1','','','','','','','','','','','','','','','','','','','','','','','','','','','','','','','','','','','','','No','','','','','','','','',88.87,'','','','','','0','','','','','100','100',NULL,'',NULL,'',NULL,'',NULL,NULL,NULL,'',NULL,NULL,NULL,'',NULL,NULL,NULL,'','','','','','',NULL,NULL,NULL,NULL,NULL,NULL,NULL,NULL,NULL,NULL,NULL,NULL,NULL,NULL,NULL,NULL,NULL,NULL,NULL,NULL,NULL,NULL),
	('GRA24','Washington County and Mon Valley Board (PA)','PA','','Great Rivers','Pittsburgh, PA Metropolitan Statistical Area','0','0','1','','','0','0','100','Needs Improvement',NULL,'1.60',NULL,'','','','0','0','1','','','','','','','','','','','','','','','','','','','','','','','','','','','','','','','','','','','','','No','','','','','','','','',90.41,'','','','','','0','','','','','86','93',NULL,'',NULL,'',NULL,'',NULL,NULL,NULL,'',NULL,NULL,NULL,'',NULL,NULL,NULL,'','','','','','',NULL,NULL,NULL,NULL,NULL,NULL,NULL,NULL,NULL,NULL,NULL,NULL,NULL,NULL,NULL,NULL,NULL,NULL,NULL,NULL,NULL,NULL),
	('GRA25','Westmoreland County Board (PA)','PA','','Great Rivers','Pittsburgh, PA Metropolitan Statistical Area','0','0','1','','','0','0','100','Needs Improvement',NULL,'1.60',NULL,'','','','0','0','1','','','','','','','','','','','','','','','','','','','','','','','','','','','','','','','','','','','','','No','','','','','','','','',89.59,'','','','','','0','','','','','36','30',NULL,'',NULL,'',NULL,'',NULL,NULL,NULL,'',NULL,NULL,NULL,'',NULL,NULL,NULL,'','','','','','',NULL,NULL,NULL,NULL,NULL,NULL,NULL,NULL,NULL,NULL,NULL,NULL,NULL,NULL,NULL,NULL,NULL,NULL,NULL,NULL,NULL,NULL),
	('GRA26','York (PA)','PA','','Great Rivers','York-Hanover, PA Metropolitan Statistical Area','0','0','1','','','0','0','100','Needs Improvement',NULL,'1.60',NULL,'','','','0','0','1','','','','','','','','','','','','','','','','','','','','','','','','','','','','','','','','','','','','','No','','','','','','','','',89.06,'','','','','','0','','','','','89','78',NULL,'',NULL,'',NULL,'',NULL,NULL,NULL,'',NULL,NULL,NULL,'',NULL,NULL,NULL,'','','','','','',NULL,NULL,NULL,NULL,NULL,NULL,NULL,NULL,NULL,NULL,NULL,NULL,NULL,NULL,NULL,NULL,NULL,NULL,NULL,NULL,NULL,NULL),
	('GRA27','Youngstown (OH)','OH','PA','Great Rivers','Youngstown-Warren-Boardman, OH-PA Metropolitan Statistical Area','1','1','1','','','79','79','100','Needs Improvement',NULL,'1.25',NULL,'','','','0','0','1','','','','','','','','','','','','','','','','','','','','','','','','','','','','','','','','','','','','','No','','','','','','','','',86.24,'','','','','','','','','','','51','49',NULL,'',NULL,'',NULL,'',NULL,NULL,NULL,'',NULL,NULL,NULL,'',NULL,NULL,NULL,'','','','','','',NULL,NULL,NULL,NULL,NULL,NULL,NULL,NULL,NULL,NULL,NULL,NULL,NULL,NULL,NULL,NULL,NULL,NULL,NULL,NULL,NULL,NULL),
	('GRA28','Toledo (OH)','OH','','Great Rivers','Toledo, OH Metropolitan Statistical Area','1','1','1','','','100','100','100','Needs Improvement',NULL,'1.25',NULL,'','','','0','0','1','','','','','','','','','','','','','','','','','','','','','','','','','','','','','','','','','','','','','No','','','','','','','','',86.67,'','','','','','1','','','','','73','59',NULL,'',NULL,'',NULL,'',NULL,NULL,NULL,'',NULL,NULL,NULL,'',NULL,NULL,NULL,'','','','','','',NULL,NULL,NULL,NULL,NULL,NULL,NULL,NULL,NULL,NULL,NULL,NULL,NULL,NULL,NULL,NULL,NULL,NULL,NULL,NULL,NULL,NULL),
	('GRA29','Fayette (PA)','PA','','Great Rivers','Pittsburgh, PA Metropolitan Statistical Area','0','0','1','','','0','0','100','Needs Improvement',NULL,'1.60',NULL,'','','','0','0','1','','','','','','','','','','','','','','','','','','','','','','','','','','','','','','','','','','','','','No','','','','','','','','',87.75,'','','','','','0','','','','','0','0',NULL,'',NULL,'',NULL,'',NULL,NULL,NULL,'',NULL,NULL,NULL,'',NULL,NULL,NULL,'','','','','','',NULL,NULL,NULL,NULL,NULL,NULL,NULL,NULL,NULL,NULL,NULL,NULL,NULL,NULL,NULL,NULL,NULL,NULL,NULL,NULL,NULL,NULL),
	('GSA01','Atlanta (GA)','GA','','Greater Southeast','Atlanta-Sandy Springs-Marietta, GA Metropolitan Statistical Area','0','0','0','','','35','5','36','Needs Improvement',NULL,'0.37',NULL,'','','','0','0','1','','','','','','','','','','','','','','','','','','','','','','','','','','','','','','','','','','','','','No','','','','','','','','',79.40,'','','','','','1','','','','','65','70',NULL,'',NULL,'',NULL,'',NULL,NULL,NULL,'',NULL,NULL,NULL,'',NULL,NULL,NULL,'','','','','','',NULL,NULL,NULL,NULL,NULL,NULL,NULL,NULL,NULL,NULL,NULL,NULL,NULL,NULL,NULL,NULL,NULL,NULL,NULL,NULL,NULL,NULL),
	('GSA02','Baton Rouge (LA)','LA','','Greater Southeast','Baton Rouge, LA Metropolitan Statistical Area','1','0','1','','','96','0','96','Needs Improvement',NULL,'0.36',NULL,'','','','1','1','1','','','','','','','','','','','','','','','','','','','','','','','','','','','','','','','','','','','','','No','','','','','','','','',82.57,'','','','','','0','','','','','88','86',NULL,'',NULL,'',NULL,'',NULL,NULL,NULL,'',NULL,NULL,NULL,'',NULL,NULL,NULL,'','','','','','',NULL,NULL,NULL,NULL,NULL,NULL,NULL,NULL,NULL,NULL,NULL,NULL,NULL,NULL,NULL,NULL,NULL,NULL,NULL,NULL,NULL,NULL),
	('GSA03','Birmingham (AL)','AL','','Greater Southeast','Birmingham-Hoover, AL Metropolitan Statistical Area','0','0','0','','','64','6','64','Needs Improvement',NULL,'0.43',NULL,'0.04','','','1','1','1','','','','','','','','','','','','','','','','','','','','','','','','','','','','','','','','','','','','','No','','','','','','','','',85.55,'','','','','','1','','','','','99','99',NULL,'',NULL,'',NULL,'',NULL,NULL,NULL,'',NULL,NULL,NULL,'',NULL,NULL,NULL,'','','','','','',NULL,NULL,NULL,NULL,NULL,NULL,NULL,NULL,NULL,NULL,NULL,NULL,NULL,NULL,NULL,NULL,NULL,NULL,NULL,NULL,NULL,NULL),
	('GSA04','Greater New Orleans Area (LA)','LA','','Greater Southeast','New Orleans-Metairie-Kenner, LA Metropolitan Statistical Area','1','0','1','','','100','0','100','Needs Improvement',NULL,'0.36',NULL,'','','','1','1','1','','','','','','','','','','','','','','','','','','','','','','','','','','','','','','','','','','','','','No','','','','','','','','',80.28,'','','','','','0','','','','','66','71',NULL,'',NULL,'',NULL,'',NULL,NULL,NULL,'',NULL,NULL,NULL,'',NULL,NULL,NULL,'','','','','','',NULL,NULL,NULL,NULL,NULL,NULL,NULL,NULL,NULL,NULL,NULL,NULL,NULL,NULL,NULL,NULL,NULL,NULL,NULL,NULL,NULL,NULL),
	('GSA05','Jacksonville (FL)','FL','','Greater Southeast','Jacksonville, FL Metropolitan Statistical Area','1','0','1','','','100','0','100','Needs Improvement',NULL,'1.34',NULL,'','','','1','0','1','','','','','','','','','','','','','','','','','','','','','','','','','','','','','','','','','','','','','No','','','','','','','','',81.78,'','','','','','0','','','','','65','68',NULL,'',NULL,'',NULL,'',NULL,NULL,NULL,'',NULL,NULL,NULL,'',NULL,NULL,NULL,'','','','','','',NULL,NULL,NULL,NULL,NULL,NULL,NULL,NULL,NULL,NULL,NULL,NULL,NULL,NULL,NULL,NULL,NULL,NULL,NULL,NULL,NULL,NULL),
	('GSA06','Memphis (TN)','TN','','Greater Southeast','Memphis, TN-MS-AR Metropolitan Statistical Area','0','0','0','','','16','16','14','Needs Improvement',NULL,'0.62',NULL,'','','','0','0','1','','','','','','','','','','','','','','','','','','','','','','','','','','','','','','','','','','','','','Yes, but does not meet our guidelines','','','','','','','','',83.23,'','','','','','0','','','','','41','34',NULL,'',NULL,'',NULL,'',NULL,NULL,NULL,'',NULL,NULL,NULL,'',NULL,NULL,NULL,'','','','','','',NULL,NULL,NULL,NULL,NULL,NULL,NULL,NULL,NULL,NULL,NULL,NULL,NULL,NULL,NULL,NULL,NULL,NULL,NULL,NULL,NULL,NULL),
	('GSA07','Miami / Ft. Lauderdale (FL)','FL','','Greater Southeast','Miami-Fort Lauderdale-Pompano Beach, FL Metropolitan Statistical Area','1','0','1','','','100','0','100','Needs Improvement',NULL,'1.34',NULL,'','','','1','0','1','','','','','','','','','','','','','','','','','','','','','','','','','','','','','','','','','','','','','No','','','','','','','','',69.82,'','','','','','0','','','','','55','46',NULL,'',NULL,'',NULL,'',NULL,NULL,NULL,'',NULL,NULL,NULL,'',NULL,NULL,NULL,'','','','','','',NULL,NULL,NULL,NULL,NULL,NULL,NULL,NULL,NULL,NULL,NULL,NULL,NULL,NULL,NULL,NULL,NULL,NULL,NULL,NULL,NULL,NULL),
	('GSA08','Nashville (TN)','TN','','Greater Southeast','Nashville-Davidson--Murfreesboro--Franklin, TN Metropolitan Statistical Area','0','0','0','','','0','0','0','Needs Improvement',NULL,'0.62',NULL,'','','','0','0','1','','','','','','','','','','','','','','','','','','','','','','','','','','','','','','','','','','','','','Yes, but does not meet our guidelines','','','','','','','','',84.33,'','','','','','0','','','','','65','77',NULL,'',NULL,'',NULL,'',NULL,NULL,NULL,'',NULL,NULL,NULL,'',NULL,NULL,NULL,'','','','','','',NULL,NULL,NULL,NULL,NULL,NULL,NULL,NULL,NULL,NULL,NULL,NULL,NULL,NULL,NULL,NULL,NULL,NULL,NULL,NULL,NULL,NULL),
	('GSA09','Orlando (FL)','FL','','Greater Southeast','Orlando-Kissimmee-Sanford, FL Metropolitan Statistical Area','1','0','1','','','100','0','100','Needs Improvement',NULL,'1.34',NULL,'','','','1','0','1','','','','','','','','','','','','','','','','','','','','','','','','','','','','','','','','','','','','','No','','','','','','','','',76.88,'','','','','','0','','','','','14','13',NULL,'',NULL,'',NULL,'',NULL,NULL,NULL,'',NULL,NULL,NULL,'',NULL,NULL,NULL,'','','','','','',NULL,NULL,NULL,NULL,NULL,NULL,NULL,NULL,NULL,NULL,NULL,NULL,NULL,NULL,NULL,NULL,NULL,NULL,NULL,NULL,NULL,NULL),
	('GSA10','Palm Beach (FL)','FL','','Greater Southeast','Miami-Fort Lauderdale-Pompano Beach, FL Metropolitan Statistical Area','1','0','1','','','100','0','96','Needs Improvement',NULL,'1.34',NULL,'','','','1','0','1','','','','','','','','','','','','','','','','','','','','','','','','','','','','','','','','','','','','','No','','','','','','','','',74.84,'','','','','','0','','','','','92','82',NULL,'',NULL,'',NULL,'',NULL,NULL,NULL,'',NULL,NULL,NULL,'',NULL,NULL,NULL,'','','','','','',NULL,NULL,NULL,NULL,NULL,NULL,NULL,NULL,NULL,NULL,NULL,NULL,NULL,NULL,NULL,NULL,NULL,NULL,NULL,NULL,NULL,NULL),
	('GSA11','Southwest Florida (FL)','FL','','Greater Southeast','Cape Coral-Fort Myers, FL Metropolitan Statistical Area','1','0','1','','','100','0','100','Needs Improvement',NULL,'1.34',NULL,'','','','1','0','1','','','','','','','','','','','','','','','','','','','','','','','','','','','','','','','','','','','','','No','','','','','','','','',73.52,'','','','','','0','','','','','97','95',NULL,'',NULL,'',NULL,'',NULL,NULL,NULL,'',NULL,NULL,NULL,'',NULL,NULL,NULL,'','','','','','',NULL,NULL,NULL,NULL,NULL,NULL,NULL,NULL,NULL,NULL,NULL,NULL,NULL,NULL,NULL,NULL,NULL,NULL,NULL,NULL,NULL,NULL),
	('GSA12','Tampa Bay (FL)','FL','','Greater Southeast','Tampa-St. Petersburg-Clearwater, FL Metropolitan Statistical Area','1','0','1','','','100','0','100','Needs Improvement',NULL,'1.34',NULL,'','','','1','0','1','','','','','','','','','','','','','','','','','','','','','','','','','','','','','','','','','','','','','No','','','','','','','','',78.53,'','','','','','1','','','','','51','51',NULL,'',NULL,'',NULL,'',NULL,NULL,NULL,'',NULL,NULL,NULL,'',NULL,NULL,NULL,'','','','','','',NULL,NULL,NULL,NULL,NULL,NULL,NULL,NULL,NULL,NULL,NULL,NULL,NULL,NULL,NULL,NULL,NULL,NULL,NULL,NULL,NULL,NULL),
	('GSA13','Rutherford County (TN)','TN','','Greater Southeast','Nashville-Davidson--Murfreesboro--Franklin, TN Metropolitan Statistical Area','0','0','0','','','0','0','0','Needs Improvement',NULL,'0.62',NULL,'','','','0','0','1','','','','','','','','','','','','','','','','','','','','','','','','','','','','','','','','','','','','','Yes, but does not meet our guidelines','','','','','','','','',84.59,'','','','','','0','','','','','22','19',NULL,'',NULL,'',NULL,'',NULL,NULL,NULL,'',NULL,NULL,NULL,'',NULL,NULL,NULL,'','','','','','',NULL,NULL,NULL,NULL,NULL,NULL,NULL,NULL,NULL,NULL,NULL,NULL,NULL,NULL,NULL,NULL,NULL,NULL,NULL,NULL,NULL,NULL),
	('GSA14','Jackson (MS)','MS','','Greater Southeast','Jackson, MS Metropolitan Statistical Area','0','0','0','','','96','73','73','Needs Improvement',NULL,'0.68',NULL,'','','','0','0','1','','','','','','','','','','','','','','','','','','','','','','','','','','','','','','','','','','','','','No','','','','','','','','',82.00,'','','','','','0','','','','','50','45',NULL,'',NULL,'',NULL,'',NULL,NULL,NULL,'',NULL,NULL,NULL,'',NULL,NULL,NULL,'','','','','','',NULL,NULL,NULL,NULL,NULL,NULL,NULL,NULL,NULL,NULL,NULL,NULL,NULL,NULL,NULL,NULL,NULL,NULL,NULL,NULL,NULL,NULL),
	('MAA01','Charlotte (NC)','NC','','Mid-Atlantic','Charlotte-Gastonia-Rock Hill, NC-SC Metropolitan Statistical Area','1','1','0','','','100','100','13','Needs Improvement',NULL,'0.45',NULL,'','','','0','0','1','','','','','','','','','','','','','','','','','','','','','','','','','','','','','','','','','','','','','No','','','','','','','','',81.94,'','','','','','0','','','','','68','65',NULL,'',NULL,'',NULL,'',NULL,NULL,NULL,'',NULL,NULL,NULL,'',NULL,NULL,NULL,'','','','','','',NULL,NULL,NULL,NULL,NULL,NULL,NULL,NULL,NULL,NULL,NULL,NULL,NULL,NULL,NULL,NULL,NULL,NULL,NULL,NULL,NULL,NULL),
	('MAA02','Greater Baltimore (MD)','MD','','Mid-Atlantic','Baltimore-Towson, MD Metropolitan Statistical Area','1','1','1','','','100','100','100','Needs Improvement',NULL,'2.00',NULL,'','','','0','0','1','','','','','','','','','','','','','','','','','','','','','','','','','','','','','','','','','','','','','No','','','','','','','','',89.64,'','','','','','0','','','','','No Data','No Data',NULL,'',NULL,'',NULL,'',NULL,NULL,NULL,'',NULL,NULL,NULL,'',NULL,NULL,NULL,'','','','','','',NULL,NULL,NULL,NULL,NULL,NULL,NULL,NULL,NULL,NULL,NULL,NULL,NULL,NULL,NULL,NULL,NULL,NULL,NULL,NULL,NULL,NULL),
	('MAA03','Greater Washington Region (DC)','DC','','Mid-Atlantic','Washington-Arlington-Alexandria, DC-VA-MD-WV Metropolitan Statistical Area','1','1','1','','','52','52','53','Needs Improvement',NULL,'2.50',NULL,'','','','1','1','1','','','','','','','','','','','','','','','','','','','','','','','','','','','','','','','','','','','','','No','','','','','','','','',87.69,'','','','','','1','','','','','60','55',NULL,'',NULL,'',NULL,'',NULL,NULL,NULL,'',NULL,NULL,NULL,'',NULL,NULL,NULL,'','','','','','',NULL,NULL,NULL,NULL,NULL,NULL,NULL,NULL,NULL,NULL,NULL,NULL,NULL,NULL,NULL,NULL,NULL,NULL,NULL,NULL,NULL,NULL),
	('MAA04','Hampton Roads (VA)','VA','','Mid-Atlantic','Virginia Beach-Norfolk-Newport News, VA-NC Metropolitan Statistical Area','0','0','0','','','16','16','0','Needs Improvement',NULL,'0.30',NULL,'0.5','','','0','0','1','','','','','','','','','','','','','','','','','','','','','','','','','','','','','','','','','','','','','No','','','','','','','','',86.49,'','','','','','0','','','','','79','78',NULL,'',NULL,'',NULL,'',NULL,NULL,NULL,'',NULL,NULL,NULL,'',NULL,NULL,NULL,'','','','','','',NULL,NULL,NULL,NULL,NULL,NULL,NULL,NULL,NULL,NULL,NULL,NULL,NULL,NULL,NULL,NULL,NULL,NULL,NULL,NULL,NULL,NULL),
	('MAA05','Richmond (VA)','VA','','Mid-Atlantic','Richmond, VA Metropolitan Statistical Area','0','0','0','','','0','0','0','Needs Improvement',NULL,'0.30',NULL,'','','','0','0','1','','','','','','','','','','','','','','','','','','','','','','','','','','','','','','','','','','','','','No','','','','','','','','',85.27,'','','','','','0','','','','','51','39',NULL,'',NULL,'',NULL,'',NULL,NULL,NULL,'',NULL,NULL,NULL,'',NULL,NULL,NULL,'','','','','','',NULL,NULL,NULL,NULL,NULL,NULL,NULL,NULL,NULL,NULL,NULL,NULL,NULL,NULL,NULL,NULL,NULL,NULL,NULL,NULL,NULL,NULL),
	('MAA06','Triangle Metro Division (NC)','NC','','Mid-Atlantic','Raleigh-Cary, NC Metropolitan Statistical Area','1','1','0','','','100','100','0','Needs Improvement',NULL,'0.45',NULL,'','','','0','0','1','','','','','','','','','','','','','','','','','','','','','','','','','','','','','','','','','','','','','No','','','','','','','','',82.87,'','','','','','0','','','','','100','100',NULL,'',NULL,'',NULL,'',NULL,NULL,NULL,'',NULL,NULL,NULL,'',NULL,NULL,NULL,'','','','','','',NULL,NULL,NULL,NULL,NULL,NULL,NULL,NULL,NULL,NULL,NULL,NULL,NULL,NULL,NULL,NULL,NULL,NULL,NULL,NULL,NULL,NULL),
	('MAA07','Columbia (SC)','SC','','Mid-Atlantic','Columbia, SC Metropolitan Statistical Area','0','0','0','','','92','92','92','Needs Improvement',NULL,'0.57',NULL,'','','','0','0','1','','','','','','','','','','','','','','','','','','','','','','','','','','','','','','','','','','','','','No','','','','','','','','',82.54,'','','','','','0','','','','','91','92',NULL,'',NULL,'',NULL,'',NULL,NULL,NULL,'',NULL,NULL,NULL,'',NULL,NULL,NULL,'','','','','','',NULL,NULL,NULL,NULL,NULL,NULL,NULL,NULL,NULL,NULL,NULL,NULL,NULL,NULL,NULL,NULL,NULL,NULL,NULL,NULL,NULL,NULL),
	('MWA01','Chicago (IL)','IL','','Midwest','Chicago-Joliet-Naperville, IL-IN-WI Metropolitan Statistical Area','1','1','1','','','100','93','100','Needs Improvement',NULL,'1.98',NULL,'4.18','','','0','0','1','','','','','','','','','','','','','','','','','','','','','','','','','','','','','','','','','','','','','Yes, meets our guidelines','','','','','','','','',84.33,'','','','','','0','','','','','58','49',NULL,'',NULL,'',NULL,'',NULL,NULL,NULL,'',NULL,NULL,NULL,'',NULL,NULL,NULL,'','','','','','',NULL,NULL,NULL,NULL,NULL,NULL,NULL,NULL,NULL,NULL,NULL,NULL,NULL,NULL,NULL,NULL,NULL,NULL,NULL,NULL,NULL,NULL),
	('MWA02','Des Moines (IA)','IA','','Midwest','Des Moines-West Des Moines, IA Metropolitan Statistical Area','1','1','1','','','100','100','100','Needs Improvement',NULL,'1.36',NULL,'','','','0','0','1','','','','','','','','','','','','','','','','','','','','','','','','','','','','','','','','','','','','','Yes, meets our guidelines','','','','','','','','',91.12,'','','','','','0','','','','','80','81',NULL,'',NULL,'',NULL,'',NULL,NULL,NULL,'',NULL,NULL,NULL,'',NULL,NULL,NULL,'','','','','','',NULL,NULL,NULL,NULL,NULL,NULL,NULL,NULL,NULL,NULL,NULL,NULL,NULL,NULL,NULL,NULL,NULL,NULL,NULL,NULL,NULL,NULL),
	('MWA03','Detroit (MI)','MI','','Midwest','Detroit-Warren-Livonia, MI Metropolitan Statistical Area','1','1','1','','','100','100','100','Needs Improvement',NULL,'2.00',NULL,'','','','0','0','1','','','','','','','','','','','','','','','','','','','','','','','','','','','','','','','','','','','','','No','','','','','','','','',86.12,'','','','','','0','','','','','37','30',NULL,'',NULL,'',NULL,'',NULL,NULL,NULL,'',NULL,NULL,NULL,'',NULL,NULL,NULL,'','','','','','',NULL,NULL,NULL,NULL,NULL,NULL,NULL,NULL,NULL,NULL,NULL,NULL,NULL,NULL,NULL,NULL,NULL,NULL,NULL,NULL,NULL,NULL),
	('MWA04','Indianapolis (IN)','IN','','Midwest','Indianapolis-Carmel, IN Metropolitan Statistical Area','1','0','1','','','100','65','100','Needs Improvement',NULL,'1.00',NULL,'','','','0','0','1','','','','','','','','','','','','','','','','','','','','','','','','','','','','','','','','','','','','','No','','','','','','','','',84.10,'','','','','','0','','','','','93','91',NULL,'',NULL,'',NULL,'',NULL,NULL,NULL,'',NULL,NULL,NULL,'',NULL,NULL,NULL,'','','','','','',NULL,NULL,NULL,NULL,NULL,NULL,NULL,NULL,NULL,NULL,NULL,NULL,NULL,NULL,NULL,NULL,NULL,NULL,NULL,NULL,NULL,NULL),
	('MWA05','Kansas City (MO)','MO','KS','Midwest','Kansas City, MO-KS Metropolitan Statistical Area','0','0','0','','','53','57','95','Needs Improvement',NULL,'0.17',NULL,'0.05','','','0','0','1','','','','','','','','','','','','','','','','','','','','','','','','','','','','','','','','','','','','','No','','','','','','','','',85.84,'','','','','','0','','','','','72','78',NULL,'',NULL,'',NULL,'',NULL,NULL,NULL,'',NULL,NULL,NULL,'',NULL,NULL,NULL,'','','','','','',NULL,NULL,NULL,NULL,NULL,NULL,NULL,NULL,NULL,NULL,NULL,NULL,NULL,NULL,NULL,NULL,NULL,NULL,NULL,NULL,NULL,NULL),
	('MWA06','Milwaukee (WI)','WI','','Midwest','Milwaukee-Waukesha-West Allis, WI Metropolitan Statistical Area','1','1','1','','','100','100','100','Needs Improvement',NULL,'0.60',NULL,'','','','0','0','1','','','','','','','','','','','','','','','','','','','','','','','','','','','','','','','','','','','','','No','','','','','','','','',89.42,'','','','','','1','','','','','98','100',NULL,'',NULL,'',NULL,'',NULL,NULL,NULL,'',NULL,NULL,NULL,'',NULL,NULL,NULL,'','','','','','',NULL,NULL,NULL,NULL,NULL,NULL,NULL,NULL,NULL,NULL,NULL,NULL,NULL,NULL,NULL,NULL,NULL,NULL,NULL,NULL,NULL,NULL),
	('MWA07','Omaha (NE)','NE','','Midwest','Omaha-Council Bluffs, NE-IA Metropolitan Statistical Area','1','1','1','','','100','100','100','Needs Improvement',NULL,'0.64',NULL,'','','','0','0','0','','','','','','','','','','','','','','','','','','','','','','','','','','','','','','','','','','','','','Yes, but does not meet our guidelines','','','','','','','','',88.36,'','','','','','0','','','','','100','100',NULL,'',NULL,'',NULL,'',NULL,NULL,NULL,'',NULL,NULL,NULL,'',NULL,NULL,NULL,'','','','','','',NULL,NULL,NULL,NULL,NULL,NULL,NULL,NULL,NULL,NULL,NULL,NULL,NULL,NULL,NULL,NULL,NULL,NULL,NULL,NULL,NULL,NULL),
	('MWA08','St Louis (MO)','MO','IL','Midwest','St. Louis, MO-IL Metropolitan Statistical Area','0','0','0','','','77','77','77','Needs Improvement',NULL,'0.17',NULL,'0.05','','','0','0','1','','','','','','','','','','','','','','','','','','','','','','','','','','','','','','','','','','','','','No','','','','','','','','',86.95,'','','','','','0','','','','','75','82',NULL,'',NULL,'',NULL,'',NULL,NULL,NULL,'',NULL,NULL,NULL,'',NULL,NULL,NULL,'','','','','','',NULL,NULL,NULL,NULL,NULL,NULL,NULL,NULL,NULL,NULL,NULL,NULL,NULL,NULL,NULL,NULL,NULL,NULL,NULL,NULL,NULL,NULL),
	('MWA09','Twin Cities (MN)','MN','','Midwest','Minneapolis-St. Paul-Bloomington, MN-WI Metropolitan Statistical Area','1','1','1','','','100','100','100','Needs Improvement',NULL,'2.83',NULL,'','','','0','0','0','','','','','','','','','','','','','','','','','','','','','','','','','','','','','','','','','','','','','No','','','','','','','','',91.17,'','','','','','1','','','','','93','94',NULL,'',NULL,'',NULL,'',NULL,NULL,NULL,'',NULL,NULL,NULL,'',NULL,NULL,NULL,'','','','','','',NULL,NULL,NULL,NULL,NULL,NULL,NULL,NULL,NULL,NULL,NULL,NULL,NULL,NULL,NULL,NULL,NULL,NULL,NULL,NULL,NULL,NULL),
	('MWA10','Wichita (KS)','KS','','Midwest','Wichita, KS Metropolitan Statistical Area','1','1','1','','','100','100','100','Needs Improvement',NULL,'0.79',NULL,'','','','0','0','1','','','','','','','','','','','','','','','','','','','','','','','','','','','','','','','','','','','','','No','','','','','','','','',84.55,'','','','','','0','','','','','98','100',NULL,'',NULL,'',NULL,'',NULL,NULL,NULL,'',NULL,NULL,NULL,'',NULL,NULL,NULL,'','','','','','',NULL,NULL,NULL,NULL,NULL,NULL,NULL,NULL,NULL,NULL,NULL,NULL,NULL,NULL,NULL,NULL,NULL,NULL,NULL,NULL,NULL,NULL),
	('MWA11','Madison (WI)','WI','','Midwest','Madison, WI Metropolitan Statistical Area','1','1','1','','','100','100','100','Needs Improvement',NULL,'0.60',NULL,'','','','0','0','1','','','','','','','','','','','','','','','','','','','','','','','','','','','','','','','','','','','','','No','','','','','','','','',91.46,'','','','','','0','','','','','100','100',NULL,'',NULL,'',NULL,'',NULL,NULL,NULL,'',NULL,NULL,NULL,'',NULL,NULL,NULL,'','','','','','',NULL,NULL,NULL,NULL,NULL,NULL,NULL,NULL,NULL,NULL,NULL,NULL,NULL,NULL,NULL,NULL,NULL,NULL,NULL,NULL,NULL,NULL),
	('MWA12','Grand Rapid (MI)','MI','','Midwest','Grand Rapids-Wyoming, MI Metropolitan Statistical Area','1','1','1','','','100','100','100','Needs Improvement',NULL,'2.00',NULL,'','','','0','0','1','','','','','','','','','','','','','','','','','','','','','','','','','','','','','','','','','','','','','No','','','','','','','','',87.33,'','','','','','1','','','','','100','100',NULL,'',NULL,'',NULL,'',NULL,NULL,NULL,'',NULL,NULL,NULL,'',NULL,NULL,NULL,'','','','','','',NULL,NULL,NULL,NULL,NULL,NULL,NULL,NULL,NULL,NULL,NULL,NULL,NULL,NULL,NULL,NULL,NULL,NULL,NULL,NULL,NULL,NULL),
	('MWA13','NW Indiana  (IN)','IN','','Midwest','Chicago-Joliet-Naperville, IL-IN-WI Metropolitan Statistical Area','1','0','1','','','100','0','100','Needs Improvement',NULL,'1.00',NULL,'','','','0','0','1','','','','','','','','','','','','','','','','','','','','','','','','','','','','','','','','','','','','','No','','','','','','','','',83.29,'','','','','','1','','','','','15','11',NULL,'',NULL,'',NULL,'',NULL,NULL,NULL,'',NULL,NULL,NULL,'',NULL,NULL,NULL,'','','','','','',NULL,NULL,NULL,NULL,NULL,NULL,NULL,NULL,NULL,NULL,NULL,NULL,NULL,NULL,NULL,NULL,NULL,NULL,NULL,NULL,NULL,NULL),
	('SWA01','Albuquerque (NM)','NM','','SouthWest','Albuquerque, NM Metropolitan Statistical Area','1','1','0','','','100','100','75','Needs Improvement',NULL,'1.66',NULL,'','','','0','0','1','','','','','','','','','','','','','','','','','','','','','','','','','','','','','','','','','','','','','No','','','','','','','','',81.05,'','','','','','0','','','','','66','73',NULL,'',NULL,'',NULL,'',NULL,NULL,NULL,'',NULL,NULL,NULL,'',NULL,NULL,NULL,'','','','','','',NULL,NULL,NULL,NULL,NULL,NULL,NULL,NULL,NULL,NULL,NULL,NULL,NULL,NULL,NULL,NULL,NULL,NULL,NULL,NULL,NULL,NULL),
	('SWA02','Austin (TX)','TX','','SouthWest','Austin-Round Rock-San Marcos, TX Metropolitan Statistical Area','0','0','0','','','59','59','84','Needs Improvement',NULL,'1.41',NULL,'','','','0','0','1','','','','','','','','','','','','','','','','','','','','','','','','','','','','','','','','','','','','','No','','','','','','','','',79.37,'','','','','','1','','','','','98','99',NULL,'',NULL,'',NULL,'',NULL,NULL,NULL,'',NULL,NULL,NULL,'',NULL,NULL,NULL,'','','','','','',NULL,NULL,NULL,NULL,NULL,NULL,NULL,NULL,NULL,NULL,NULL,NULL,NULL,NULL,NULL,NULL,NULL,NULL,NULL,NULL,NULL,NULL),
	('SWA03','Colorado Springs (CO)','CO','','SouthWest','Colorado Springs, CO Metropolitan Statistical Area','1','1','0','','','100','100','0','Needs Improvement',NULL,'0.84',NULL,'','','','0','0','0','','','','','','','','','','','','','','','','','','','','','','','','','','','','','','','','','','','','','No','','','','','','','','',84.77,'','','','','','0','','','','','100','100',NULL,'',NULL,'',NULL,'',NULL,NULL,NULL,'',NULL,NULL,NULL,'',NULL,NULL,NULL,'','','','','','',NULL,NULL,NULL,NULL,NULL,NULL,NULL,NULL,NULL,NULL,NULL,NULL,NULL,NULL,NULL,NULL,NULL,NULL,NULL,NULL,NULL,NULL),
	('SWA04','Corpus Christi (TX)','TX','','SouthWest','Corpus Christi, TX Metropolitan Statistical Area','0','0','0','','','95','80','95','Needs Improvement',NULL,'1.41',NULL,'','','','0','0','1','','','','','','','','','','','','','','','','','','','','','','','','','','','','','','','','','','','','','No','','','','','','','','',76.82,'','','','','','1','','','','','69','76',NULL,'',NULL,'',NULL,'',NULL,NULL,NULL,'',NULL,NULL,NULL,'',NULL,NULL,NULL,'','','','','','',NULL,NULL,NULL,NULL,NULL,NULL,NULL,NULL,NULL,NULL,NULL,NULL,NULL,NULL,NULL,NULL,NULL,NULL,NULL,NULL,NULL,NULL),
	('SWA05','Dallas (TX)','TX','','SouthWest','Dallas-Fort Worth-Arlington, TX Metropolitan Statistical Area','0','0','0','','','82','78','94','Needs Improvement',NULL,'1.41',NULL,'','','','0','0','1','','','','','','','','','','','','','','','','','','','','','','','','','','','','','','','','','','','','','No','','','','','','','','',75.92,'','','','','','0','','','','','82','70',NULL,'',NULL,'',NULL,'',NULL,NULL,NULL,'',NULL,NULL,NULL,'',NULL,NULL,NULL,'','','','','','',NULL,NULL,NULL,NULL,NULL,NULL,NULL,NULL,NULL,NULL,NULL,NULL,NULL,NULL,NULL,NULL,NULL,NULL,NULL,NULL,NULL,NULL),
	('SWA06','Denver (CO)','CO','','SouthWest','Denver-Aurora-Broomfield, CO Metropolitan Statistical Area','1','1','0','','','100','100','21','Needs Improvement',NULL,'0.84',NULL,'','','','0','0','0','','','','','','','','','','','','','','','','','','','','','','','','','','','','','','','','','','','','','No','','','','','','','','',83.59,'','','','','','1','','','','','94','82',NULL,'',NULL,'',NULL,'',NULL,NULL,NULL,'',NULL,NULL,NULL,'',NULL,NULL,NULL,'','','','','','',NULL,NULL,NULL,NULL,NULL,NULL,NULL,NULL,NULL,NULL,NULL,NULL,NULL,NULL,NULL,NULL,NULL,NULL,NULL,NULL,NULL,NULL),
	('SWA07','Houston (TX)','TX','','SouthWest','Houston-Sugar Land-Baytown, TX Metropolitan Statistical Area','0','0','0','','','92','79','91','Needs Improvement',NULL,'1.41',NULL,'','','','0','0','1','','','','','','','','','','','','','','','','','','','','','','','','','','','','','','','','','','','','','No','','','','','','','','',74.40,'','','','','','0','','','','','87','80',NULL,'',NULL,'',NULL,'',NULL,NULL,NULL,'',NULL,NULL,NULL,'',NULL,NULL,NULL,'','','','','','',NULL,NULL,NULL,NULL,NULL,NULL,NULL,NULL,NULL,NULL,NULL,NULL,NULL,NULL,NULL,NULL,NULL,NULL,NULL,NULL,NULL,NULL),
	('SWA08','Little Rock (AR)','AR','','SouthWest','Little Rock-North Little Rock-Conway, AR Metropolitan Statistical Area','0','0','0','','','0','0','0','Needs Improvement',NULL,'1.15',NULL,'','','','0','0','1','','','','','','','','','','','','','','','','','','','','','','','','','','','','','','','','','','','','','No','','','','','','','','',83.52,'','','','','','0','','','','','72','80',NULL,'',NULL,'',NULL,'',NULL,NULL,NULL,'',NULL,NULL,NULL,'',NULL,NULL,NULL,'','','','','','',NULL,NULL,NULL,NULL,NULL,NULL,NULL,NULL,NULL,NULL,NULL,NULL,NULL,NULL,NULL,NULL,NULL,NULL,NULL,NULL,NULL,NULL),
	('SWA09','Northwest Arkansas (AR)','AR','','SouthWest','Fayetteville-Springdale-Rogers, AR-MO Metropolitan Statistical Area','0','0','0','','','92','0','48','Needs Improvement',NULL,'1.15',NULL,'','','','0','0','1','','','','','','','','','','','','','','','','','','','','','','','','','','','','','','','','','','','','','No','','','','','','','','',79.81,'','','','','','0','','','','','66','55',NULL,'',NULL,'',NULL,'',NULL,NULL,NULL,'',NULL,NULL,NULL,'',NULL,NULL,NULL,'','','','','','',NULL,NULL,NULL,NULL,NULL,NULL,NULL,NULL,NULL,NULL,NULL,NULL,NULL,NULL,NULL,NULL,NULL,NULL,NULL,NULL,NULL,NULL),
	('SWA10','Oklahoma City (OK)','OK','','SouthWest','Oklahoma City, OK Metropolitan Statistical Area','0','0','0','','','0','0','0','Needs Improvement',NULL,'1.03',NULL,'','','','0','0','1','','','','','','','','','','','','','','','','','','','','','','','','','','','','','','','','','','','','','No','','','','','','','','',79.77,'','','','','','0','','','','','80','76',NULL,'',NULL,'',NULL,'',NULL,NULL,NULL,'',NULL,NULL,NULL,'',NULL,NULL,NULL,'','','','','','',NULL,NULL,NULL,NULL,NULL,NULL,NULL,NULL,NULL,NULL,NULL,NULL,NULL,NULL,NULL,NULL,NULL,NULL,NULL,NULL,NULL,NULL),
	('SWA11','San Antonio (TX)','TX','','SouthWest','San Antonio-New Braunfels, TX Metropolitan Statistical Area','0','0','0','','','81','80','85','Needs Improvement',NULL,'1.41',NULL,'','','','0','0','1','','','','','','','','','','','','','','','','','','','','','','','','','','','','','','','','','','','','','No','','','','','','','','',77.48,'','','','','','0','','','','','94','91',NULL,'',NULL,'',NULL,'',NULL,NULL,NULL,'',NULL,NULL,NULL,'',NULL,NULL,NULL,'','','','','','',NULL,NULL,NULL,NULL,NULL,NULL,NULL,NULL,NULL,NULL,NULL,NULL,NULL,NULL,NULL,NULL,NULL,NULL,NULL,NULL,NULL,NULL),
	('SWA12','Tarrant County (TX)','TX','','SouthWest','Dallas-Fort Worth-Arlington, TX Metropolitan Statistical Area','0','0','0','','','85','0','0','Needs Improvement',NULL,'1.41',NULL,'','','','0','0','1','','','','','','','','','','','','','','','','','','','','','','','','','','','','','','','','','','','','','No','','','','','','','','',75.71,'','','','','','0','','','','','78','78',NULL,'',NULL,'',NULL,'',NULL,NULL,NULL,'',NULL,NULL,NULL,'',NULL,NULL,NULL,'','','','','','',NULL,NULL,NULL,NULL,NULL,NULL,NULL,NULL,NULL,NULL,NULL,NULL,NULL,NULL,NULL,NULL,NULL,NULL,NULL,NULL,NULL,NULL),
	('SWA13','Tulsa (OK)','OK','','SouthWest','Tulsa, OK Metropolitan Statistical Area','0','0','0','','','0','0','0','Needs Improvement',NULL,'1.03',NULL,'','','','0','0','1','','','','','','','','','','','','','','','','','','','','','','','','','','','','','','','','','','','','','No','','','','','','','','',79.22,'','','','','','1','','','','','6','5',NULL,'',NULL,'',NULL,'',NULL,NULL,NULL,'',NULL,NULL,NULL,'',NULL,NULL,NULL,'','','','','','',NULL,NULL,NULL,NULL,NULL,NULL,NULL,NULL,NULL,NULL,NULL,NULL,NULL,NULL,NULL,NULL,NULL,NULL,NULL,NULL,NULL,NULL),
	('SWA14','Montgomery County (TX)','TX','','SouthWest','Houston-Sugar Land-Baytown, TX Metropolitan Statistical Area','0','0','0','','','100','0','100','Needs Improvement',NULL,'1.41',NULL,'','','','0','0','1','','','','','','','','','','','','','','','','','','','','','','','','','','','','','','','','','','','','','No','','','','','','','','',78.77,'','','','','','1','','','','','57','51',NULL,'',NULL,'',NULL,'',NULL,NULL,NULL,'',NULL,NULL,NULL,'',NULL,NULL,NULL,'','','','','','',NULL,NULL,NULL,NULL,NULL,NULL,NULL,NULL,NULL,NULL,NULL,NULL,NULL,NULL,NULL,NULL,NULL,NULL,NULL,NULL,NULL,NULL),
	('WSA01','Boise (ID)','ID','','Western States','Boise City-Nampa, ID Metropolitan Statistical Area','1','0','0','','','100','64','64','Needs Improvement',NULL,'0.57',NULL,'','','','0','0','0','','','','','','','','','','','','','','','','','','','','','','','','','','','','','','','','','','','','','No','','','','','','','','',82.52,'','','','','','0','','','','','100','100',NULL,'',NULL,'',NULL,'',NULL,NULL,NULL,'',NULL,NULL,NULL,'',NULL,NULL,NULL,'','','','','','',NULL,NULL,NULL,NULL,NULL,NULL,NULL,NULL,NULL,NULL,NULL,NULL,NULL,NULL,NULL,NULL,NULL,NULL,NULL,NULL,NULL,NULL),
	('WSA02','Central Coast Division (CA)','CA','','Western States','Santa Barbara-Santa Maria-Goleta, CA Metropolitan Statistical Area','1','1','0','','','100','100','100','Needs Improvement',NULL,'0.87',NULL,'','','','0','0','1','','','','','','','','','','','','','','','','','','','','','','','','','','','','','','','','','','','','','Yes, meets our guidelines','','','','','','','','',78.93,'','','','','','0','','','','','100','100',NULL,'',NULL,'',NULL,'',NULL,NULL,NULL,'',NULL,NULL,NULL,'',NULL,NULL,NULL,'','','','','','',NULL,NULL,NULL,NULL,NULL,NULL,NULL,NULL,NULL,NULL,NULL,NULL,NULL,NULL,NULL,NULL,NULL,NULL,NULL,NULL,NULL,NULL),
	('WSA03','Central Valley Division (CA)','CA','','Western States','Fresno, CA Metropolitan Statistical Area','1','1','0','','','100','100','0','Needs Improvement',NULL,'0.87',NULL,'','','','0','0','1','','','','','','','','','','','','','','','','','','','','','','','','','','','','','','','','','','','','','Yes, meets our guidelines','','','','','','','','',77.67,'','','','','','0','','','','','18','7',NULL,'',NULL,'',NULL,'',NULL,NULL,NULL,'',NULL,NULL,NULL,'',NULL,NULL,NULL,'','','','','','',NULL,NULL,NULL,NULL,NULL,NULL,NULL,NULL,NULL,NULL,NULL,NULL,NULL,NULL,NULL,NULL,NULL,NULL,NULL,NULL,NULL,NULL),
	('WSA04','Coachella Valley Division (CA)','CA','','Western States','Riverside-San Bernardino-Ontario, CA Metropolitan Statistical Area','1','1','0','','','100','100','0','Needs Improvement',NULL,'0.87',NULL,'','','','0','0','1','','','','','','','','','','','','','','','','','','','','','','','','','','','','','','','','','','','','','Yes, meets our guidelines','','','','','','','','',77.49,'','','','','','0','','','','','34','27',NULL,'',NULL,'',NULL,'',NULL,NULL,NULL,'',NULL,NULL,NULL,'',NULL,NULL,NULL,'','','','','','',NULL,NULL,NULL,NULL,NULL,NULL,NULL,NULL,NULL,NULL,NULL,NULL,NULL,NULL,NULL,NULL,NULL,NULL,NULL,NULL,NULL,NULL),
	('WSA05','East Bay Division (CA)','CA','','Western States','San Francisco-Oakland-Fremont, CA Metropolitan Statistical Area','1','1','0','','','100','100','100','Needs Improvement',NULL,'0.87',NULL,'','','','0','0','1','','','','','','','','','','','','','','','','','','','','','','','','','','','','','','','','','','','','','Yes, meets our guidelines','','','','','','','','',85.65,'','','','','','0','','','','','65','54',NULL,'',NULL,'',NULL,'',NULL,NULL,NULL,'',NULL,NULL,NULL,'',NULL,NULL,NULL,'','','','','','',NULL,NULL,NULL,NULL,NULL,NULL,NULL,NULL,NULL,NULL,NULL,NULL,NULL,NULL,NULL,NULL,NULL,NULL,NULL,NULL,NULL,NULL),
	('WSA06','Hawaii (HI)','HI','','Western States','Honolulu, HI Metropolitan Statistical Area','1','1','1','','','100','100','100','Needs Improvement',NULL,'3.20',NULL,'','','','0','0','1','','','','','','','','','','','','','','','','','','','','','','','','','','','','','','','','','','','','','Yes, meets our guidelines','','','','','','','','',92.25,'','','','','','1','','','','','81','81',NULL,'',NULL,'',NULL,'',NULL,NULL,NULL,'',NULL,NULL,NULL,'',NULL,NULL,NULL,'','','','','','',NULL,NULL,NULL,NULL,NULL,NULL,NULL,NULL,NULL,NULL,NULL,NULL,NULL,NULL,NULL,NULL,NULL,NULL,NULL,NULL,NULL,NULL),
	('WSA07','Inland Empire Division (CA)','CA','','Western States','Riverside-San Bernardino-Ontario, CA Metropolitan Statistical Area','1','1','0','','','100','100','48','Needs Improvement',NULL,'0.87',NULL,'','','','0','0','1','','','','','','','','','','','','','','','','','','','','','','','','','','','','','','','','','','','','','Yes, meets our guidelines','','','','','','','','',77.91,'','','','','','1','','','','','38','31',NULL,'',NULL,'',NULL,'',NULL,NULL,NULL,'',NULL,NULL,NULL,'',NULL,NULL,NULL,'','','','','','',NULL,NULL,NULL,NULL,NULL,NULL,NULL,NULL,NULL,NULL,NULL,NULL,NULL,NULL,NULL,NULL,NULL,NULL,NULL,NULL,NULL,NULL),
	('WSA08','Kern County Division (CA)','CA','','Western States','Bakersfield-Delano, CA Metropolitan Statistical Area','1','1','0','','','100','100','100','Needs Improvement',NULL,'0.87',NULL,'','','','0','0','1','','','','','','','','','','','','','','','','','','','','','','','','','','','','','','','','','','','','','Yes, meets our guidelines','','','','','','','','',78.96,'','','','','','0','','','','','8','12',NULL,'',NULL,'',NULL,'',NULL,NULL,NULL,'',NULL,NULL,NULL,'',NULL,NULL,NULL,'','','','','','',NULL,NULL,NULL,NULL,NULL,NULL,NULL,NULL,NULL,NULL,NULL,NULL,NULL,NULL,NULL,NULL,NULL,NULL,NULL,NULL,NULL,NULL),
	('WSA09','Las Vegas Division (NV)','NV','','Western States','Las Vegas-Paradise, NV Metropolitan Statistical Area','1','0','1','','','100','0','100','Needs Improvement',NULL,'0.80',NULL,'','','','0','0','1','','','','','','','','','','','','','','','','','','','','','','','','','','','','','','','','','','','','','No','','','','','','','','',75.02,'','','','','','0','','','','','21','16',NULL,'',NULL,'',NULL,'',NULL,NULL,NULL,'',NULL,NULL,NULL,'',NULL,NULL,NULL,'','','','','','',NULL,NULL,NULL,NULL,NULL,NULL,NULL,NULL,NULL,NULL,NULL,NULL,NULL,NULL,NULL,NULL,NULL,NULL,NULL,NULL,NULL,NULL),
	('WSA10','Los Angeles County Division (CA)','CA','','Western States','Los Angeles-Long Beach-Santa Ana, CA Metropolitan Statistical Area','1','1','0','','','100','100','100','Needs Improvement',NULL,'0.87',NULL,'','','','0','0','1','','','','','','','','','','','','','','','','','','','','','','','','','','','','','','','','','','','','','Yes, meets our guidelines','','','','','','','','',75.49,'','','','','','0','','','','','68','61',NULL,'',NULL,'',NULL,'',NULL,NULL,NULL,'',NULL,NULL,NULL,'',NULL,NULL,NULL,'','','','','','',NULL,NULL,NULL,NULL,NULL,NULL,NULL,NULL,NULL,NULL,NULL,NULL,NULL,NULL,NULL,NULL,NULL,NULL,NULL,NULL,NULL,NULL),
	('WSA11','Northern Nevada (NV)','NV','','Western States','Reno-Sparks, NV Metropolitan Statistical Area','1','0','1','','','100','0','100','Needs Improvement',NULL,'0.80',NULL,'','','','0','0','1','','','','','','','','','','','','','','','','','','','','','','','','','','','','','','','','','','','','','No','','','','','','','','',76.55,'','','','','','0','','','','','100','100',NULL,'',NULL,'',NULL,'',NULL,NULL,NULL,'',NULL,NULL,NULL,'',NULL,NULL,NULL,'','','','','','',NULL,NULL,NULL,NULL,NULL,NULL,NULL,NULL,NULL,NULL,NULL,NULL,NULL,NULL,NULL,NULL,NULL,NULL,NULL,NULL,NULL,NULL),
	('WSA12','Portland (OR)','OR','','Western States','Portland-Vancouver-Hillsboro, OR-WA Metropolitan Statistical Area','1','1','1','','','100','100','100','Needs Improvement',NULL,'1.31',NULL,'','','','1','1','1','','','','','','','','','','','','','','','','','','','','','','','','','','','','','','','','','','','','','No','','','','','','','','',84.21,'','','','','','1','','','','','75','79',NULL,'',NULL,'',NULL,'',NULL,NULL,NULL,'',NULL,NULL,NULL,'',NULL,NULL,NULL,'','','','','','',NULL,NULL,NULL,NULL,NULL,NULL,NULL,NULL,NULL,NULL,NULL,NULL,NULL,NULL,NULL,NULL,NULL,NULL,NULL,NULL,NULL,NULL),
	('WSA13','Orange County Division (CA)','CA','','Western States','Los Angeles-Long Beach-Santa Ana, CA Metropolitan Statistical Area','1','1','0','','','100','100','100','Needs Improvement',NULL,'0.87',NULL,'','','','0','0','1','','','','','','','','','','','','','','','','','','','','','','','','','','','','','','','','','','','','','Yes, meets our guidelines','','','','','','','','',80.67,'','','','','','0','','','','','73','61',NULL,'',NULL,'',NULL,'',NULL,NULL,NULL,'',NULL,NULL,NULL,'',NULL,NULL,NULL,'','','','','','',NULL,NULL,NULL,NULL,NULL,NULL,NULL,NULL,NULL,NULL,NULL,NULL,NULL,NULL,NULL,NULL,NULL,NULL,NULL,NULL,NULL,NULL),
	('WSA14','Phoenix (AZ)','AZ','','Western States','Phoenix-Mesa-Glendale, AZ Metropolitan Statistical Area','1','1','1','','','100','100','100','Needs Improvement',NULL,'2.00',NULL,'','','','0','0','0','','','','','','','','','','','','','','','','','','','','','','','','','','','','','','','','','','','','','No','','','','','','','','',80.04,'','','','','','0','','','','','61','56',NULL,'',NULL,'',NULL,'',NULL,NULL,NULL,'',NULL,NULL,NULL,'',NULL,NULL,NULL,'','','','','','',NULL,NULL,NULL,NULL,NULL,NULL,NULL,NULL,NULL,NULL,NULL,NULL,NULL,NULL,NULL,NULL,NULL,NULL,NULL,NULL,NULL,NULL),
	('WSA15','Sacramento Division (CA)','CA','','Western States','Sacramento--Arden-Arcade--Roseville, CA Metropolitan Statistical Area','1','1','0','','','100','100','26','Needs Improvement',NULL,'0.87',NULL,'','','','0','0','1','','','','','','','','','','','','','','','','','','','','','','','','','','','','','','','','','','','','','Yes, meets our guidelines','','','','','','','','',83.70,'','','','','','1','','','','','84','81',NULL,'',NULL,'',NULL,'',NULL,NULL,NULL,'',NULL,NULL,NULL,'',NULL,NULL,NULL,'','','','','','',NULL,NULL,NULL,NULL,NULL,NULL,NULL,NULL,NULL,NULL,NULL,NULL,NULL,NULL,NULL,NULL,NULL,NULL,NULL,NULL,NULL,NULL),
	('WSA16','San Diego Division (CA)','CA','','Western States','San Diego-Carlsbad-San Marcos, CA Metropolitan Statistical Area','1','1','0','','','100','100','0','Needs Improvement',NULL,'0.87',NULL,'','','','0','0','1','','','','','','','','','','','','','','','','','','','','','','','','','','','','','','','','','','','','','Yes, meets our guidelines','','','','','','','','',81.58,'','','','','','0','','','','','94','95',NULL,'',NULL,'',NULL,'',NULL,NULL,NULL,'',NULL,NULL,NULL,'',NULL,NULL,NULL,'','','','','','',NULL,NULL,NULL,NULL,NULL,NULL,NULL,NULL,NULL,NULL,NULL,NULL,NULL,NULL,NULL,NULL,NULL,NULL,NULL,NULL,NULL,NULL),
	('WSA17','San Francisco Division (CA)','CA','','Western States','San Francisco-Oakland-Fremont, CA Metropolitan Statistical Area','1','1','0','','','100','100','100','Needs Improvement',NULL,'0.87',NULL,'0.2','','','0','0','1','','','','','','','','','','','','','','','','','','','','','','','','','','','','','','','','','','','','','Yes, meets our guidelines','','','','','','','','',86.86,'','','','','','1','','','','','86','79',NULL,'',NULL,'',NULL,'',NULL,NULL,NULL,'',NULL,NULL,NULL,'',NULL,NULL,NULL,'','','','','','',NULL,NULL,NULL,NULL,NULL,NULL,NULL,NULL,NULL,NULL,NULL,NULL,NULL,NULL,NULL,NULL,NULL,NULL,NULL,NULL,NULL,NULL),
	('WSA18','Seattle (WA)','WA','','Western States','Seattle-Tacoma-Bellevue, WA Metropolitan Statistical Area','1','1','1','','','100','100','100','Needs Improvement',NULL,'3.03',NULL,'','','','0','0','1','','','','','','','','','','','','','','','','','','','','','','','','','','','','','','','','','','','','','No','','','','','','','','',86.00,'','','','','','0','','','','','60','64',NULL,'',NULL,'',NULL,'',NULL,NULL,NULL,'',NULL,NULL,NULL,'',NULL,NULL,NULL,'','','','','','',NULL,NULL,NULL,NULL,NULL,NULL,NULL,NULL,NULL,NULL,NULL,NULL,NULL,NULL,NULL,NULL,NULL,NULL,NULL,NULL,NULL,NULL),
	('WSA19','Silicon Valley (CA)','CA','','Western States','San Jose-Sunnyvale-Santa Clara, CA Metropolitan Statistical Area','1','1','0','','','100','100','3','Needs Improvement',NULL,'0.87',NULL,'','','','0','0','1','','','','','','','','','','','','','','','','','','','','','','','','','','','','','','','','','','','','','Yes, meets our guidelines','','','','','','','','',86.42,'','','','','','0','','','','','95','96',NULL,'',NULL,'',NULL,'',NULL,NULL,NULL,'',NULL,NULL,NULL,'',NULL,NULL,NULL,'','','','','','',NULL,NULL,NULL,NULL,NULL,NULL,NULL,NULL,NULL,NULL,NULL,NULL,NULL,NULL,NULL,NULL,NULL,NULL,NULL,NULL,NULL,NULL),
	('WSA20','Tacoma (WA)','WA','','Western States','Seattle-Tacoma-Bellevue, WA Metropolitan Statistical Area','1','1','1','','','100','100','100','Needs Improvement',NULL,'3.03',NULL,'','','','0','0','1','','','','','','','','','','','','','','','','','','','','','','','','','','','','','','','','','','','','','No','','','','','','','','',83.98,'','','','','','0','','','','','7','10',NULL,'',NULL,'',NULL,'',NULL,NULL,NULL,'',NULL,NULL,NULL,'',NULL,NULL,NULL,'','','','','','',NULL,NULL,NULL,NULL,NULL,NULL,NULL,NULL,NULL,NULL,NULL,NULL,NULL,NULL,NULL,NULL,NULL,NULL,NULL,NULL,NULL,NULL),
	('WSA21','Tucson (AZ)','AZ','','Western States','Tucson, AZ Metropolitan Statistical Area','1','1','1','','','100','100','100','Needs Improvement',NULL,'2.00',NULL,'','','','0','0','0','','','','','','','','','','','','','','','','','','','','','','','','','','','','','','','','','','','','','No','','','','','','','','',81.24,'','','','','','1','','','','','55','53',NULL,'',NULL,'',NULL,'',NULL,NULL,NULL,'',NULL,NULL,NULL,'',NULL,NULL,NULL,'','','','','','',NULL,NULL,NULL,NULL,NULL,NULL,NULL,NULL,NULL,NULL,NULL,NULL,NULL,NULL,NULL,NULL,NULL,NULL,NULL,NULL,NULL,NULL),
	('WSA22','Utah Division (UT)','UT','','Western States','Salt Lake City, UT Metropolitan Statistical Area','1','1','1','','','100','100','100','Needs Improvement',NULL,'1.70',NULL,'','','','0','1','1','','','','','','','','','','','','','','','','','','','','','','','','','','','','','','','','','','','','','No','','','','','','','','',84.80,'','','','','','0','','','','','100','100',NULL,'',NULL,'',NULL,'',NULL,NULL,NULL,'',NULL,NULL,NULL,'',NULL,NULL,NULL,'','','','','','',NULL,NULL,NULL,NULL,NULL,NULL,NULL,NULL,NULL,NULL,NULL,NULL,NULL,NULL,NULL,NULL,NULL,NULL,NULL,NULL,NULL,NULL);

/*!40000 ALTER TABLE `wp_aha_assessment_board` ENABLE KEYS */;
UNLOCK TABLES;


# Dump of table wp_aha_assessment_q_options
# ------------------------------------------------------------

DROP TABLE IF EXISTS `wp_aha_assessment_q_options`;

CREATE TABLE `wp_aha_assessment_q_options` (
  `id` int(11) unsigned NOT NULL AUTO_INCREMENT,
  `qid` tinytext,
  `value` tinytext,
  `label` text,
  `followup_id` tinytext,
  `summary_value` tinytext NOT NULL,
  PRIMARY KEY (`id`)
) ENGINE=InnoDB DEFAULT CHARSET=utf8;

LOCK TABLES `wp_aha_assessment_q_options` WRITE;
/*!40000 ALTER TABLE `wp_aha_assessment_q_options` DISABLE KEYS */;

INSERT INTO `wp_aha_assessment_q_options` (`id`, `qid`, `value`, `label`, `followup_id`, `summary_value`)
VALUES
	(1,'2.1.4.1.1','1','Yes','0','0'),
	(2,'2.1.4.1.1','0','No','0','0'),
	(3,'2.1.4.1.2','1','Yes','0','0'),
	(4,'2.1.4.1.2','0','No','0','0'),
	(5,'2.1.4.1.3','1','Yes','0','0'),
	(6,'2.1.4.1.3','0','No','0','0'),
	(7,'2.2.2.1','1','Yes','2.2.2.2','0'),
	(8,'2.2.2.1','0','No','0','0'),
	(9,'2.2.4.1','state','At the state level','0','0'),
	(10,'2.2.4.1','local','At the local level','0','0'),
	(11,'2.2.4.1','state and local','At the state and local level','0','0'),
	(12,'2.2.4.1','neither','Not a viable issue at this time','0','0'),
	(13,'2.2.5.1','no','No','2.2.5.1.1','0'),
	(14,'2.2.5.1','limited','Yes - limited use for certain partner organizations ( Scouts, Girl Scouts, etc.)','2.2.5.1.3','0'),
	(15,'2.2.5.1','broad','Yes - broader community use (munity recreational use of school gymnasiums, track & field, etc.)','2.2.5.1.3','0'),
	(16,'2.2.5.1','other','Yes - other','2.2.5.1.3','0'),
	(17,'2.2.5.1.1','liability','Concerns about liability','0','0'),
	(18,'2.2.5.1.1','property damage','Concerns about property damage','0','0'),
	(19,'2.2.5.1.1','crime','Concerns about crime','0','0'),
	(20,'2.2.5.1.1','costs','Concerns about costs','0','0'),
	(21,'2.2.5.1.1','other','Other','2.2.5.1.1.1','0'),
	(22,'2.3.2.1','1','Yes','2.3.2.2','0'),
	(23,'2.3.2.1','0','No','0','0'),
	(24,'2.3.3','state','At the state level','0','0'),
	(25,'2.3.3','local','At the local level','0','0'),
	(26,'2.3.3','state and local','At the state and local level','0','0'),
	(27,'2.3.3','neither','Not a viable issue at this time','0','0'),
	(28,'3.1.3.1.0','1','Yes','3.1.3.1.x','0'),
	(29,'3.1.3.1.0','0','No','0','0'),
	(30,'3.1.3.1.1','1','Yes','0','0'),
	(31,'3.1.3.1.1','0','No','0','0'),
	(32,'3.1.3.1.2','1','Yes','0','0'),
	(33,'3.1.3.1.2','0','No','0','0'),
	(34,'3.1.3.1.3','1','Yes','0','0'),
	(35,'3.1.3.1.3','0','No','0','0'),
	(36,'3.1.4','strengthen','Yes - Publish/strengthen the district wellness policy','0','0'),
	(37,'3.1.4','open door','Yes  Open a door for the Alliance for a Healthier Generation ','0','0'),
	(38,'3.1.4','after school','Strengthen competitive foods policy by applying nutrition standards to after-school activities','0','0'),
	(39,'3.1.4','celebrations','Strengthen competitive foods policy by addressing celebrations and fundraisers','0','0'),
	(40,'3.1.4','tbd','TBD - More info needed','0','0'),
	(41,'3.2.1.1','1','Yes','0','0'),
	(42,'3.2.1.1','0','No','0','0'),
	(43,'3.2.2','1','Yes','0','Yes'),
	(44,'3.2.2','0','No','0','0'),
	(45,'3.3.3.1','yes - exceed AHA standards','Yes, vending and/or service policies that meet or exceed AHA standards.','3.3.3.2','0'),
	(46,'3.3.3.1','yes - below AHA standards','Yes, vending and/or service policies but below AHA standards.','3.3.3.2','0'),
	(47,'3.3.3.1','no','No','0','0'),
	(48,'3.3.4','state','At the state level','0','0'),
	(49,'3.3.4','local','At the local level','0','0'),
	(50,'3.3.4','state and local','At the state and local level','0','0'),
	(51,'3.3.4','neither','Not a viable issue at this time','0','0'),
	(52,'3.5.2','1','Yes','0','0'),
	(53,'3.5.2','0','No','0','0'),
	(54,'3.5.4','state','At the state level','0','0'),
	(55,'3.5.4','local','At the local level','0','0'),
	(56,'3.5.4','state and local','At the state and local level','0','0'),
	(57,'3.5.4','neither','Not a viable issue at this time','0','0'),
	(58,'4.1.4','yes - Medicaid expansion','Yes  Medicaid expansion at the state level','0','0'),
	(59,'4.1.4','yes - USPSTF','Yes  USPSTF at the state level','0','0'),
	(60,'4.1.4','no','Not a viable issue at this time','0','0'),
	(61,'5.1.4.1','1','Yes','0','0'),
	(62,'5.1.4.1','0','No','0','0'),
	(63,'7.1.1','1','Yes','0','0'),
	(64,'7.1.1','0','No','7.1.1.1','0'),
	(65,'7.1.2','1','Yes','0','0'),
	(66,'7.1.2','0','No','7.1.2.1','0'),
	(67,'7.1.3','1','Yes','0','0'),
	(68,'7.1.3','0','No','7.1.3.1','0'),
	(69,'7.1.4.1','1','Yes','0','0'),
	(70,'7.1.4.1','0','No','0','0'),
	(71,'7.1.4.2','1','Yes','0','0'),
	(72,'7.1.4.2','0','No','0','0'),
	(73,'7.1.4.3','1','Yes','0','0'),
	(74,'7.1.4.3','0','No','0','0'),
	(75,'8.1.2','1','Yes','0','0'),
	(76,'8.1.2','0','No','0','0'),
	(77,'11.1.1','1','Yes','0','0'),
	(78,'11.1.1','0','No','0','0'),
	(79,'13.1.3','1','Yes','0','0'),
	(80,'13.1.3','0','No','0','0'),
	(81,'13.1.6','1','Yes','0','0'),
	(82,'13.1.6','0','No','0','0'),
	(83,'14.1.1','1','Yes','0','0'),
	(84,'14.1.1','0','No','0','0'),
	(85,'14.1.2','1','Yes','0','0'),
	(86,'14.1.2','0','No','0','0');

/*!40000 ALTER TABLE `wp_aha_assessment_q_options` ENABLE KEYS */;
UNLOCK TABLES;


# Dump of table wp_aha_assessment_questions
# ------------------------------------------------------------

DROP TABLE IF EXISTS `wp_aha_assessment_questions`;

CREATE TABLE `wp_aha_assessment_questions` (
  `id` smallint(4) unsigned NOT NULL AUTO_INCREMENT,
  `page` tinyint(4) DEFAULT NULL,
  `QID` tinytext,
  `type` tinytext,
  `label` text,
  `loop_schools` tinyint(1) DEFAULT NULL,
  `follows_up` tinytext,
  `summary_section` tinytext,
  `summary_label` text,
  PRIMARY KEY (`id`)
) ENGINE=InnoDB DEFAULT CHARSET=utf8;

LOCK TABLES `wp_aha_assessment_questions` WRITE;
/*!40000 ALTER TABLE `wp_aha_assessment_questions` DISABLE KEYS */;

INSERT INTO `wp_aha_assessment_questions` (`id`, `page`, `QID`, `type`, `label`, `loop_schools`, `follows_up`, `summary_section`, `summary_label`)
VALUES
	(1,0,'1.2.2.1','number','If your community has a local tobacco excise tax, what is the tax rate? If none, enter 0.',0,'0','comm_tobacco_2',NULL),
	(2,0,'2.1.4.1.1','radio','In school district %%district_name%%, do schools meet our PE requirements?',1,'0','school_phys_1',NULL),
	(3,0,'2.2.2.1','radio','Does the state provide promotion, incentives, technical assistance or other resources to schools to encourage shared use?',0,'0','school_phys_2',NULL),
	(4,0,'2.2.2.2','textarea','Please describe:',0,'2.2.2.1',NULL,NULL),
	(5,0,'2.2.4.1','radio','Given the current political/policy environment, where can this local board most likely help drive impact relative to shared use policies?',0,'0',NULL,NULL),
	(6,0,'2.2.5.1','radio','In school district %%district_name%%, is there a district-wide policy and/or guidance in place for shared use of school facilities?',1,'0',NULL,NULL),
	(7,0,'2.2.5.1.1','radio','What rationale was provided for not having a district-wide shared use policy?',1,'2.2.5.1',NULL,NULL),
	(8,0,'2.2.5.1.1.1','text','If other, please describe:',1,'2.2.5.1.1',NULL,NULL),
	(9,0,'2.2.5.1.3','text','If available, please provide a URL for the district shared use policy: ',1,'2.2.5.1',NULL,NULL),
	(10,2,'2.3.2.1','radio','Is there a state, regional or local complete streets policy under consideration?',0,'0',NULL,NULL),
	(11,2,'2.3.2.2','text','Who is leading this effort?',0,'2.3.2.1',NULL,NULL),
	(12,2,'2.3.3','radio','Given the current political/policy environment, where do you envision complete streets public policy change most likely occurring/most activity taking place?',0,'0',NULL,NULL),
	(13,0,'3.1.3.1.0','radio','In district %%district_name%%, is there a documented and publicly available district wellness policy in place?',1,'0',NULL,NULL),
	(14,0,'3.1.3.1.1','radio','Does the policy meet the criteria related to school meals?',1,'3.1.3.1.0',NULL,NULL),
	(15,0,'3.1.3.1.2','radio','Does the policy meet the criteria related to smart snacks?',1,'3.1.3.1.0',NULL,NULL),
	(16,0,'3.1.3.1.3','radio','Does the policy meet the criteria related to before/after school offering?',1,'3.1.3.1.0',NULL,NULL),
	(17,0,'3.1.3.1.4','text','Please provide the URL to the district\'s wellness policy. ',1,'3.1.3.1.0',NULL,NULL),
	(18,0,'3.1.4','checkboxes','Would you recommend that the local board take action in any of these areas?',0,'0',NULL,NULL),
	(19,0,'3.2.1.1','radio','Is district %%district_name%% compliant with the School Meals Nutrition regulations?  ',1,'0',NULL,NULL),
	(20,0,'3.2.2','radio','Are there impactful opportunities for the local board to help school districts implement School Meals Nutrition regulations?',0,'0',NULL,NULL),
	(21,3,'3.3.3.1','radio','Are there local vending and/or service policies in place?',0,'0',NULL,NULL),
	(22,3,'3.3.3.2','textarea','Please list which cities or counties.',0,'3.3.3.1',NULL,NULL),
	(23,3,'3.3.4','radio','Given the current political/policy environment, where do you envision food and beverage vending and/or procurement service policy change most likely occurring/most activity taking place?',0,'0',NULL,NULL),
	(24,4,'3.5.2','radio','Is your state or community pursuing an appropriation to establish or supplement a Healthy Food Financing Initiative program?',0,'0',NULL,NULL),
	(25,4,'3.5.4','radio','Given the current political/policy environment, where do you envision Healthy Food Financing public policy change most likely occurring/most activity taking place?',0,'0',NULL,NULL),
	(26,5,'4.1.4','radio','Would you recommend the local board adopt this as a priority issue?',0,'0',NULL,NULL),
	(27,0,'5.1.4.1','radio','For %%district_name%%, is CPR training meeting AHA criteria a graduation requirement?',1,'0',NULL,NULL),
	(28,6,'7.1.1','radio','Do you have all your event chairs for FY 14-15?',0,'0',NULL,NULL),
	(29,6,'7.1.1.1','textarea','List unfilled event chairs',0,'7.1.1',NULL,NULL),
	(30,6,'7.1.2','radio','Do you have all your event chairs for FY 15-16?',0,'0',NULL,NULL),
	(31,6,'7.1.2.1','textarea','List unfilled event chairs',0,'7.1.2',NULL,NULL),
	(32,6,'7.1.3','radio','Do you have all your event chairs for FY 16-17?',0,'0',NULL,NULL),
	(33,6,'7.1.3.1','textarea','List unfilled event chairs',0,'7.1.3',NULL,NULL),
	(34,6,'7.1.4.1','radio','In 2014-2015 have the Event Chairs given at the Top 2 levels for Go Red?',0,'0',NULL,NULL),
	(35,6,'7.1.4.2','radio','In 2014-2015 have the Event Chairs given at the Top 2 levels for Heart Ball?',0,'0',NULL,NULL),
	(36,6,'7.1.4.3','radio','In 2014-2015 have the Event Chairs given at the Top 2 levels for Heart Walk?',0,'0',NULL,NULL),
	(37,7,'8.1.2','radio','Do you have all the industries represented? (Accounting, Banking, Energy, Cable, Healthcare, Media, Lawyers, Manufacturing, Real Estate, etc.)',0,'0',NULL,NULL),
	(38,7,'8.1.5','number','How many ELT members haven\'t given a corporate gift?',0,'0',NULL,NULL),
	(39,9,'9.4','textarea','Which companies in your community place a focus on corporate social responsibility?',0,'0',NULL,NULL),
	(40,10,'11.1.1','radio','Do we currently have Superintendents support within %%district_name%% covered by this board? ',1,'0',NULL,NULL),
	(41,10,'11.1.2','number','How much does %%district_name%% raise?',1,'0',NULL,NULL),
	(42,11,'12.1.2','text','How many $100k donors do we have in the pipeline?',0,'0',NULL,NULL),
	(43,12,'12.2.1','number','What percentage of board members are currently a Cor Vitae member?',0,'0',NULL,NULL),
	(44,12,'12.2.2','number','How many Cor Vitae members are in your market?',0,'0',NULL,NULL),
	(45,12,'12.2.3','textarea','How are you retaining your Cor Vitae members?',0,'0',NULL,NULL),
	(46,13,'13.1.2','textarea','How are you acknowledging these donors?',0,'0',NULL,NULL),
	(47,13,'13.1.3','radio','Do you have a current list of stewardship events in your market?',0,'0',NULL,NULL),
	(48,13,'13.1.6','radio','Are you following a cultivation plan?',0,'0',NULL,NULL),
	(49,14,'14.1.1','radio','Does your board have knowledge of the Paul Dudley White Legacy Society program?',0,'0',NULL,NULL),
	(50,14,'14.1.2','radio','Does your market have a Paul Dudley White Legacy Society Champion connected to the board and/or a board member?',0,'0',NULL,NULL),
	(51,14,'14.1.3','number','What percentage of board members are currently Paul Dudley White Legacy Society?',0,'0',NULL,NULL);

/*!40000 ALTER TABLE `wp_aha_assessment_questions` ENABLE KEYS */;
UNLOCK TABLES;


# Dump of table wp_aha_assessment_school
# ------------------------------------------------------------

DROP TABLE IF EXISTS `wp_aha_assessment_school`;

CREATE TABLE `wp_aha_assessment_school` (
  `AHA_NAME` varchar(52) DEFAULT NULL,
  `AHA_ID` varchar(5) DEFAULT NULL,
  `ST_NAME` varchar(14) DEFAULT NULL,
  `DIST_ID` int(7) DEFAULT NULL,
  `DIST_NAME` varchar(60) DEFAULT NULL,
  `RANK` int(1) DEFAULT NULL,
  `TOTAL_ENROLLED_STUDENTS` int(7) DEFAULT NULL,
  `ELEM` int(6) DEFAULT NULL,
  `MIDD` int(6) DEFAULT NULL,
  `HIGH` int(6) DEFAULT NULL,
  `2.1.4.1.1` varchar(3) DEFAULT NULL,
  `2.1.4.1.2` varchar(3) DEFAULT NULL,
  `2.1.4.1.3` varchar(3) DEFAULT NULL,
  `2.2.5.1` varchar(10) DEFAULT NULL,
  `2.2.5.1.1` varchar(255) DEFAULT '',
  `2.2.5.1.1.1` varchar(255) DEFAULT '',
  `2.2.5.1.3` varchar(255) DEFAULT NULL,
  `3.1.3.1.0` varchar(10) DEFAULT NULL,
  `3.1.3.1.1` varchar(10) DEFAULT NULL,
  `3.1.3.1.2` varchar(10) DEFAULT NULL,
  `3.1.3.1.3` varchar(10) DEFAULT NULL,
  `3.1.3.1.4` varchar(255) DEFAULT NULL,
  `3.2.1.1` varchar(10) DEFAULT NULL,
  `5.1.4.1` varchar(3) DEFAULT NULL,
  `11.1.1` varchar(3) DEFAULT '',
  `11.1.2` decimal(14,2) DEFAULT NULL
) ENGINE=InnoDB DEFAULT CHARSET=utf8;

LOCK TABLES `wp_aha_assessment_school` WRITE;
/*!40000 ALTER TABLE `wp_aha_assessment_school` DISABLE KEYS */;

INSERT INTO `wp_aha_assessment_school` (`AHA_NAME`, `AHA_ID`, `ST_NAME`, `DIST_ID`, `DIST_NAME`, `RANK`, `TOTAL_ENROLLED_STUDENTS`, `ELEM`, `MIDD`, `HIGH`, `2.1.4.1.1`, `2.1.4.1.2`, `2.1.4.1.3`, `2.2.5.1`, `2.2.5.1.1`, `2.2.5.1.1.1`, `2.2.5.1.3`, `3.1.3.1.0`, `3.1.3.1.1`, `3.1.3.1.2`, `3.1.3.1.3`, `3.1.3.1.4`, `3.2.1.1`, `5.1.4.1`, `11.1.1`, `11.1.2`)
VALUES
	('Birmingham','GSA03','Alabama',100007,'HOOVER CITY',4,13448,6122,3194,4132,'','','','','','','','','','','','','1','','',NULL),
	('Birmingham','GSA03','Alabama',100390,'BIRMINGHAM CITY',3,25091,12751,5723,6617,'','','','','','','','','','','','','1','','',NULL),
	('Birmingham','GSA03','Alabama',101920,'JEFFERSON COUNTY',1,35978,15952,8720,11306,'','','','','','','','','','','','','1','','',NULL),
	('Birmingham','GSA03','Alabama',103030,'SHELBY COUNTY',2,28304,13569,6682,8053,'','','','','','','','','','','','','1','','',NULL),
	('Birmingham','GSA03','Alabama',103062,'ST CLAIR COUNTY',5,8648,4197,2015,2436,'','','','','','','','','','','','','1','','',NULL),
	('Tucson','WSA21','Arizona',400680,'AMPHITHEATER UNIFIED DISTRICT',3,14422,6542,3220,4660,'','','','','','','','','','','','','0','','',NULL),
	('Phoenix','WSA14','Arizona',401870,'CHANDLER UNIFIED DISTRICT',2,39555,18914,8958,11637,'','','','','','','','','','','','','1','','',NULL),
	('Phoenix','WSA14','Arizona',403400,'GILBERT UNIFIED DISTRICT',3,38311,16541,9351,12419,'','','','','','','','','','','','','1','','',NULL),
	('Tucson','WSA21','Arizona',404630,'MARANA UNIFIED DISTRICT',4,12470,5631,2978,3861,'','','','','','','','','','','','','1','','',NULL),
	('Phoenix','WSA14','Arizona',404970,'MESA UNIFIED DISTRICT',1,64728,30822,14888,19018,'','','','','','','','','','','','','1','','',NULL),
	('Phoenix','WSA14','Arizona',406250,'PEORIA UNIFIED SCHOOL DISTRICT',4,36620,15540,8549,12521,'','','','','','','','','','','','','1','','',NULL),
	('Phoenix','WSA14','Arizona',407750,'DEER VALLEY UNIFIED DISTRICT',5,34662,15152,8568,10942,'','','','','','','','','','','','','1','','',NULL),
	('Tucson','WSA21','Arizona',408170,'SUNNYSIDE UNIFIED DISTRICT',2,17615,8738,4148,4729,'','','','','','','','','','','','','1','','',NULL),
	('Tucson','WSA21','Arizona',408800,'TUCSON UNIFIED DISTRICT',1,51720,25230,11211,15236,'','','','','','','','','','','','','1','','',NULL),
	('Tucson','WSA21','Arizona',408850,'VAIL UNIFIED DISTRICT',5,9928,4154,2610,3164,'','','','','','','','','','','','','1','','',NULL),
	('Northwest Arkansas','SWA09','Arkansas',503060,'BENTONVILLE SCHOOL DISTRICT',3,14123,7233,3300,3584,'','','','','','','','','','','','','1','','',NULL),
	('Little Rock','SWA08','Arkansas',503750,'CABOT SCHOOL DISTRICT',3,10373,5058,2362,2953,'','','','','','','','','','','','','1','','',NULL),
	('Little Rock','SWA08','Arkansas',504590,'CONWAY SCHOOL DISTRICT',4,9646,4828,2102,2716,'','','','','','','','','','','','','1','','',NULL),
	('Northwest Arkansas','SWA09','Arkansas',506120,'FAYETTEVILLE SCHOOL DISTRICT',4,9017,4497,1984,2536,'','','','','','','','','','','','','1','','',NULL),
	('Memphis','GSA06','Arkansas',508040,'WEST MEMPHIS SCHOOL DISTRICT',5,5724,2811,1305,1608,'','','','','','','','','','','','','1','','',NULL),
	('Little Rock','SWA08','Arkansas',509000,'LITTLE ROCK SCHOOL DISTRICT',1,25537,13497,5156,6884,'','','','','','','','','','','','','1','','',NULL),
	('Little Rock','SWA08','Arkansas',510680,'N. LITTLE ROCK SCHOOL DISTRICT',5,9085,4588,1891,2604,'','','','','','','','','','','','','1','','',NULL),
	('Little Rock','SWA08','Arkansas',511850,'PULASKI CO. SPEC. SCHOOL DIST.',2,17637,9398,3659,4580,'','','','','','','','','','','','','1','','',NULL),
	('Northwest Arkansas','SWA09','Arkansas',511970,'ROGERS SCHOOL DISTRICT',2,14485,7203,3145,4137,'','','','','','','','','','','','','1','','',NULL),
	('Northwest Arkansas','SWA09','Arkansas',512450,'SILOAM SPRINGS SCHOOL DISTRICT',5,4082,1987,912,1183,'','','','','','','','','','','','','1','','',NULL),
	('Northwest Arkansas','SWA09','Arkansas',512660,'SPRINGDALE SCHOOL DISTRICT',1,19976,10258,4447,5271,'','','','','','','','','','','','','1','','',NULL),
	('Coachella Valley Division','WSA04','California',600028,'TEMECULA VALLEY UNIFIED',4,30267,12947,7353,9921,'','','','','','','','','','','','','1','','',NULL),
	('Sacramento Division','WSA15','California',601332,'TWIN RIVERS UNIFIED',4,31637,15232,7126,9279,'','','','','','','','','','','','','1','','',NULL),
	('Central Coast Division','WSA02','California',601414,'SANTA BARBARA UNIFIED',1,15326,4937,3917,6472,'','','','','','','','','','','','','1','','',NULL),
	('Orange County Division','WSA13','California',602630,'ANAHEIM UNION HIGH',4,32704,0,10506,22198,'','','','','','','','','','','','','1','','',NULL),
	('Kern County Division','WSA08','California',603630,'BAKERSFIELD CITY',2,28321,19911,8410,0,'','','','','','','','','','','','','1','','',NULL),
	('Central Coast Division','WSA02','California',605580,'SANTA MARIA-BONITA',2,14624,10223,4401,0,'','','','','','','','','','','','','1','','',NULL),
	('Kern County Division','WSA08','California',606390,'PANAMA-BUENA VISTA UNION',3,16810,11031,5779,0,'','','','','','','','','','','','','1','','',NULL),
	('Orange County Division','WSA13','California',607440,'CAPISTRANO UNIFIED',2,53170,23634,12637,16899,'','','','','','','','','','','','','1','','',NULL),
	('Central Valley Division','WSA03','California',607970,'CENTRAL UNIFIED',3,14896,6931,3599,4350,'','','','','','','','','','','','','1','','',NULL),
	('San Diego Division','WSA16','California',608610,'CHULA VISTA ELEMENTARY',4,28101,23494,4607,0,'','','','','','','','','','','','','1','','',NULL),
	('Central Valley Division','WSA03','California',609030,'CLOVIS UNIFIED',2,39040,17555,9292,12193,'','','','','','','','','','','','','1','','',NULL),
	('Coachella Valley Division','WSA04','California',609850,'CORONA-NORCO UNIFIED',1,53467,23424,12476,17567,'','','','','','','','','','','','','1','','',NULL),
	('Inland Empire Division','WSA07','California',609850,'CORONA-NORCO UNIFIED',2,53467,23424,12476,17567,'','','','','','','','','','','','','1','','',NULL),
	('Silicon Valley','WSA19','California',610290,'CUPERTINO UNION',3,18650,12598,6052,0,'','','','','','','','','','','','','1','','',NULL),
	('Kern County Division','WSA08','California',610890,'DELANO UNION ELEMENTARY',5,7712,5387,2320,5,'','','','','','','','','','','','','1','','',NULL),
	('Coachella Valley Division','WSA04','California',611110,'DESERT SANDS UNIFIED',5,29199,13032,6757,9410,'','','','','','','','','','','','','1','','',NULL),
	('Silicon Valley','WSA19','California',611820,'EAST SIDE UNION HIGH',2,25638,189,47,25281,'','','','','','','','','','','','','1','','',NULL),
	('Sacramento Division','WSA15','California',612330,'ELK GROVE UNIFIED',1,62126,27644,14559,19476,'','','','','','','','','','','','','1','','',NULL),
	('Silicon Valley','WSA19','California',613140,'EVERGREEN ELEMENTARY',5,13351,8673,4678,0,'','','','','','','','','','','','','1','','',NULL),
	('Sacramento Division','WSA15','California',613890,'FOLSOM-CORDOVA UNIFIED',5,19154,9099,4368,5677,'','','','','','','','','','','','','1','','',NULL),
	('Inland Empire Division','WSA07','California',613920,'FONTANA UNIFIED',4,40592,18503,9067,13022,'','','','','','','','','','','','','1','','',NULL),
	('East Bay Division','WSA05','California',614400,'FREMONT UNIFIED',3,32829,15446,7279,10091,'','','','','','','','','','','','','1','','',NULL),
	('Central Valley Division','WSA03','California',614550,'FRESNO UNIFIED',1,74235,35975,16219,22041,'','','','','','','','','','','','','1','','',NULL),
	('Orange County Division','WSA13','California',614880,'GARDEN GROVE UNIFIED',3,47999,21323,11172,15504,'','','','','','','','','','','','','1','','',NULL),
	('Kern County Division','WSA08','California',616050,'GREENFIELD UNION',4,8512,6029,2465,18,'','','','','','','','','','','','','1','','',NULL),
	('Kern County Division','WSA08','California',619540,'KERN UNION HIGH',1,37505,0,0,37505,'','','','','','','','','','','','','1','','',NULL),
	('Central Valley Division','WSA03','California',619700,'KINGS CANYON JOINT UNIFIED',5,9841,4671,2136,3034,'','','','','','','','','','','','','1','','',NULL),
	('Central Coast Division','WSA02','California',622410,'LOMPOC UNIFIED',3,9802,4606,2201,2995,'','','','','','','','','','','','','1','','',NULL),
	('Los Angeles County Division','WSA10','California',622500,'LONG BEACH UNIFIED',2,83691,37843,18720,27128,'','','','','','','','','','','','','1','','',NULL),
	('Los Angeles County Division','WSA10','California',622710,'LOS ANGELES UNIFIED',1,659639,311822,143197,204617,'','','','','','','','','','','','','1','','',NULL),
	('Los Angeles County Division','WSA10','California',625470,'MONTEBELLO UNIFIED',3,31319,13385,7312,10622,'','','','','','','','','','','','','1','','',NULL),
	('Coachella Valley Division','WSA04','California',625800,'MORENO VALLEY UNIFIED',3,35692,16278,8371,11043,'','','','','','','','','','','','','1','','',NULL),
	('Inland Empire Division','WSA07','California',625800,'MORENO VALLEY UNIFIED',5,35692,16278,8371,11043,'','','','','','','','','','','','','1','','',NULL),
	('East Bay Division','WSA05','California',626370,'MT. DIABLO UNIFIED',2,33977,15736,7609,10632,'','','','','','','','','','','','','1','','',NULL),
	('East Bay Division','WSA05','California',628050,'OAKLAND UNIFIED',1,46377,23988,10241,12148,'','','','','','','','','','','','','1','','',NULL),
	('Central Coast Division','WSA02','California',628710,'ORCUTT UNION ELEMENTARY',5,5004,2900,1615,489,'','','','','','','','','','','','','1','','',NULL),
	('Los Angeles County Division','WSA10','California',631320,'POMONA UNIFIED',4,27737,12887,6186,7582,'','','','','','','','','','','','','1','','',NULL),
	('San Diego Division','WSA16','California',631530,'POWAY UNIFIED',3,34569,15717,7960,10826,'','','','','','','','','','','','','1','','',NULL),
	('San Francisco Division','WSA17','California',632130,'REDWOOD CITY ELEMENTARY',4,9273,6426,2847,0,'','','','','','','','','','','','','1','','',NULL),
	('East Bay Division','WSA05','California',632550,'WEST CONTRA COSTA UNIFIED',5,29883,14998,6353,8532,'','','','','','','','','','','','','1','','',NULL),
	('Coachella Valley Division','WSA04','California',633150,'RIVERSIDE UNIFIED',2,42406,18296,9696,14360,'','','','','','','','','','','','','1','','',NULL),
	('Inland Empire Division','WSA07','California',633150,'RIVERSIDE UNIFIED',3,42406,18296,9696,14360,'','','','','','','','','','','','','1','','',NULL),
	('Sacramento Division','WSA15','California',633840,'SACRAMENTO CITY UNIFIED',2,47940,23565,10640,13627,'','','','','','','','','','','','','1','','',NULL),
	('Orange County Division','WSA13','California',633860,'SADDLEBACK VALLEY UNIFIED',5,30885,12958,7179,10748,'','','','','','','','','','','','','1','','',NULL),
	('Inland Empire Division','WSA07','California',634170,'SAN BERNARDINO CITY UNIFIED',1,54379,26023,12211,16145,'','','','','','','','','','','','','1','','',NULL),
	('San Diego Division','WSA16','California',634320,'SAN DIEGO UNIFIED',1,131044,62244,28918,39882,'','','','','','','','','','','','','1','','',NULL),
	('San Francisco Division','WSA17','California',634410,'SAN FRANCISCO UNIFIED',1,56310,26721,11306,18283,'','','','','','','','','','','','','1','','',NULL),
	('Silicon Valley','WSA19','California',634590,'SAN JOSE UNIFIED',1,33308,15681,7290,10337,'','','','','','','','','','','','','1','','',NULL),
	('Sacramento Division','WSA15','California',634620,'SAN JUAN UNIFIED',3,47245,20351,10001,16892,'','','','','','','','','','','','','1','','',NULL),
	('San Francisco Division','WSA17','California',634920,'SAN MATEO-FOSTER CITY',2,11204,7938,3266,0,'','','','','','','','','','','','','1','','',NULL),
	('East Bay Division','WSA05','California',635130,'SAN RAMON VALLEY UNIFIED',4,29884,13780,6925,9141,'','','','','','','','','','','','','1','','',NULL),
	('Central Valley Division','WSA03','California',635250,'SANGER UNIFIED',4,10872,5199,2518,3155,'','','','','','','','','','','','','1','','',NULL),
	('Orange County Division','WSA13','California',635310,'SANTA ANA UNIFIED',1,57250,27712,12557,16981,'','','','','','','','','','','','','1','','',NULL),
	('Silicon Valley','WSA19','California',635430,'SANTA CLARA UNIFIED',4,15289,7878,3131,4243,'','','','','','','','','','','','','1','','',NULL),
	('Central Coast Division','WSA02','California',635670,'SANTA MARIA JOINT UNION HIGH',4,7633,0,2,7631,'','','','','','','','','','','','','1','','',NULL),
	('San Francisco Division','WSA17','California',636390,'SEQUOIA UNION HIGH',5,8947,0,2,8945,'','','','','','','','','','','','','0','','',NULL),
	('San Francisco Division','WSA17','California',637530,'SOUTH SAN FRANCISCO UNIFIED',3,9348,4160,2054,3134,'','','','','','','','','','','','','1','','',NULL),
	('San Diego Division','WSA16','California',638640,'SWEETWATER UNION HIGH',2,40619,0,11493,29126,'','','','','','','','','','','','','1','','',NULL),
	('San Diego Division','WSA16','California',641190,'VISTA UNIFIED',5,25738,10535,5605,9516,'','','','','','','','','','','','','1','','',NULL),
	('Los Angeles County Division','WSA10','California',642510,'WILLIAM S. HART UNION HIGH',5,26449,387,7464,18598,'','','','','','','','','','','','','1','','',NULL),
	('Colorado Springs','SWA03','Colorado',801920,'ACADEMY, SCHOOL DISTRICT NO. 20, IN THE COUNTY OF EL PASO AN',2,23657,10257,5509,7891,'','','','','','','','','','','','','1','','',NULL),
	('Denver','SWA06','Colorado',802910,'CHERRY CREEK, SCHOOL DISTRICT NO. 5, IN THE COUNTY OF ARAPAH',4,52655,25466,11845,15344,'','','','','','','','','','','','','1','','',NULL),
	('Colorado Springs','SWA03','Colorado',803060,'COLORADO SPRINGS, SCHOOL DISTRICT NO. 11, IN THE COUNTY OF E',1,29543,14785,6082,8676,'','','','','','','','','','','','','1','','',NULL),
	('Denver','SWA06','Colorado',803360,'SCHOOL DISTRICT NO. 1 IN THE COUNTY OF DENVER AND STATE OF C',2,80890,45124,16341,19425,'','','','','','','','','','','','','1','','',NULL),
	('Denver','SWA06','Colorado',803450,'DOUGLAS COUNTY SCHOOL DISTRICT, NO. RE 1',3,63114,31475,14545,17094,'','','','','','','','','','','','','1','','',NULL),
	('Colorado Springs','SWA03','Colorado',803870,'FALCON, SCHOOL DISTRICT NO. 49, IN THE COUNTY OF EL PASO AND',3,15063,7705,3459,3899,'','','','','','','','','','','','','1','','',NULL),
	('Colorado Springs','SWA03','Colorado',804530,'HARRISON, SCHOOL DISTRICT NO. 2, IN THE COUNTY OF EL PASO AN',4,11108,6444,2480,2184,'','','','','','','','','','','','','1','','',NULL),
	('Denver','SWA06','Colorado',804800,'JEFFERSON COUNTY SCHOOL DISTRICT NO. R-1',1,85793,40240,18855,26698,'','','','','','','','','','','','','1','','',NULL),
	('Colorado Springs','SWA03','Colorado',806480,'SCHOOL DISTRICT NO. 3 IN THE COUNTY OF EL PASO AND STATE OF',5,9184,4625,1949,2610,'','','','','','','','','','','','','1','','',NULL),
	('Denver','SWA06','Colorado',806900,'ADAMS 12 FIVE STAR SCHOOLS',5,42990,20924,10053,12013,'','','','','','','','','','','','','1','','',NULL),
	('Greater Hartford','FDA06','Connecticut',900510,'BRISTOL SCHOOL DISTRICT',4,8449,3908,1894,2647,'','','','','','','','','','','','','0','','',NULL),
	('Greater Hartford','FDA06','Connecticut',901260,'EAST HARTFORD SCHOOL DISTRICT',5,7156,3569,1423,2164,'','','','','','','','','','','','','1','','',NULL),
	('Greater Hartford','FDA06','Connecticut',901920,'HARTFORD SCHOOL DISTRICT',1,20931,10628,4962,5341,'','','','','','','','','','','','','1','','',NULL),
	('Greater Hartford','FDA06','Connecticut',902670,'NEW BRITAIN SCHOOL DISTRICT',2,10167,5449,2134,2584,'','','','','','','','','','','','','1','','',NULL),
	('Greater Hartford','FDA06','Connecticut',904920,'WEST HARTFORD SCHOOL DISTRICT',3,10098,4823,2249,3026,'','','','','','','','','','','','','1','','',NULL),
	('New Castle','GRA20','Delaware',1000080,'APPOQUINIMINK SCHOOL DISTRICT',5,9214,4343,2215,2656,'','','','','','','','','','','','','1','','',NULL),
	('Southern Delaware','GRA23','Delaware',1000170,'CAPE HENLOPEN SCHOOL DISTRICT',5,4845,2442,1021,1382,'','','','','','','','','','','','','1','','',NULL),
	('Southern Delaware','GRA23','Delaware',1000180,'CAESAR RODNEY SCHOOL DISTRICT',2,7593,3539,1897,2157,'','','','','','','','','','','','','1','','',NULL),
	('Southern Delaware','GRA23','Delaware',1000190,'CAPITAL SCHOOL DISTRICT',3,6153,3207,1363,1583,'','','','','','','','','','','','','1','','',NULL),
	('New Castle','GRA20','Delaware',1000200,'CHRISTINA SCHOOL DISTRICT',1,16303,8871,3687,3745,'','','','','','','','','','','','','1','','',NULL),
	('New Castle','GRA20','Delaware',1000230,'COLONIAL SCHOOL DISTRICT',4,9711,5181,2583,1947,'','','','','','','','','','','','','1','','',NULL),
	('Southern Delaware','GRA23','Delaware',1000680,'INDIAN RIVER SCHOOL DISTRICT',1,8746,4653,1910,2183,'','','','','','','','','','','','','1','','',NULL),
	('New Castle','GRA20','Delaware',1001240,'BRANDYWINE SCHOOL DISTRICT',3,10801,5043,2515,3243,'','','','','','','','','','','','','1','','',NULL),
	('New Castle','GRA20','Delaware',1001300,'RED CLAY CONSOLIDATED SCHOOL DISTRICT',2,15970,7974,4205,3791,'','','','','','','','','','','','','1','','',NULL),
	('Southern Delaware','GRA23','Delaware',1001620,'SMYRNA SCHOOL DISTRICT',4,5116,2492,1237,1387,'','','','','','','','','','','','','1','','',NULL),
	('Jacksonville','GSA05','Florida',1200060,'BAKER',5,5050,2628,1125,1297,'','','','','','','','','','','','','1','','',NULL),
	('Miami / Ft. Lauderdale','GSA07','Florida',1200180,'BROWARD',2,258478,120171,58685,79622,'','','','','','','','','','','','','1','','',NULL),
	('Jacksonville','GSA05','Florida',1200300,'CLAY',2,35659,15845,8407,11407,'','','','','','','','','','','','','1','','',NULL),
	('Southwest Florida','GSA11','Florida',1200330,'COLLIER',2,43238,20868,9603,12767,'','','','','','','','','','','','','1','','',NULL),
	('Miami / Ft. Lauderdale','GSA07','Florida',1200390,'DADE',1,350239,164561,81870,103808,'','','','','','','','','','','','','1','','',NULL),
	('Jacksonville','GSA05','Florida',1200480,'DUVAL',1,125429,63288,27589,34552,'','','','','','','','','','','','','1','','',NULL),
	('Tampa Bay','GSA12','Florida',1200810,'HERNANDO',4,22616,10238,5370,7008,'','','','','','','','','','','','','1','','',NULL),
	('Tampa Bay','GSA12','Florida',1200870,'HILLSBOROUGH',1,197041,95653,45861,55527,'','','','','','','','','','','','','1','','',NULL),
	('Orlando','GSA09','Florida',1201050,'LAKE',4,41319,19969,9289,12061,'','','','','','','','','','','','','1','','',NULL),
	('Southwest Florida','GSA11','Florida',1201080,'LEE',1,83895,40820,18566,24509,'','','','','','','','','','','','','1','','',NULL),
	('Jacksonville','GSA05','Florida',1201350,'NASSAU',4,11115,5056,2675,3384,'','','','','','','','','','','','','1','','',NULL),
	('Orlando','GSA09','Florida',1201440,'ORANGE',1,180000,85672,40441,53887,'','','','','','','','','','','','','1','','',NULL),
	('Orlando','GSA09','Florida',1201470,'OSCEOLA',3,54783,25301,12694,16788,'','','','','','','','','','','','','1','','',NULL),
	('Palm Beach','GSA10','Florida',1201500,'PALM BEACH',1,176901,82805,39438,54658,'','','','','','','','','','','','','1','','',NULL),
	('Tampa Bay','GSA12','Florida',1201530,'PASCO',3,66659,31220,15670,19769,'','','','','','','','','','','','','1','','',NULL),
	('Tampa Bay','GSA12','Florida',1201560,'PINELLAS',2,103776,47771,23164,32841,'','','','','','','','','','','','','1','','',NULL),
	('Orlando','GSA09','Florida',1201710,'SEMINOLE',2,64344,28663,14789,20892,'','','','','','','','','','','','','1','','',NULL),
	('Jacksonville','GSA05','Florida',1201740,'ST. JOHNS',3,31580,14211,7440,9929,'','','','','','','','','','','','','1','','',NULL),
	('Atlanta','GSA01','Georgia',1301230,'CLAYTON COUNTY',5,51018,25268,11900,13850,'','','','','','','','','','','','','1','','',NULL),
	('Atlanta','GSA01','Georgia',1301290,'COBB COUNTY',2,107291,50007,24530,32754,'','','','','','','','','','','','','1','','',NULL),
	('Atlanta','GSA01','Georgia',1301740,'DEKALB COUNTY',3,98088,49337,21196,27555,'','','','','','','','','','','','','1','','',NULL),
	('Atlanta','GSA01','Georgia',1302280,'FULTON COUNTY',4,92604,43888,21005,27711,'','','','','','','','','','','','','1','','',NULL),
	('Atlanta','GSA01','Georgia',1302550,'GWINNETT COUNTY',1,162370,76005,38140,48225,'','','','','','','','','','','','','1','','',NULL),
	('Hawaii','WSA06','Hawaii',1500030,'HAWAII DEPARTMENT OF EDUCATION',1,182706,90908,39976,51598,'','','','','','','','','','','','','1','','',NULL),
	('Boise','WSA01','Idaho',1600360,'BOISE INDEPENDENT DISTRICT',2,25476,11981,5771,7724,'','','','','','','','','','','','','1','','',NULL),
	('Boise','WSA01','Idaho',1600510,'CALDWELL DISTRICT',5,5984,3070,1287,1627,'','','','','','','','','','','','','1','','',NULL),
	('Boise','WSA01','Idaho',1600600,'VALLIVUE SCHOOL DISTRICT',4,7430,3702,1731,1997,'','','','','','','','','','','','','1','','',NULL),
	('Boise','WSA01','Idaho',1602100,'MERIDIAN JOINT DISTRICT',1,36303,17263,8578,10462,'','','','','','','','','','','','','1','','',NULL),
	('Boise','WSA01','Idaho',1602340,'NAMPA SCHOOL DISTRICT',3,15556,7605,3619,4332,'','','','','','','','','','','','','1','','',NULL),
	('Chicago','MWA01','Illinois',1709930,'CITY OF CHICAGO SD 299',1,403004,204078,86265,112661,'','','','','','','','','','','','','1','','',NULL),
	('Chicago','MWA01','Illinois',1713710,'SD U-46',2,40687,19391,9119,12177,'','','','','','','','','','','','','1','','',NULL),
	('Chicago','MWA01','Illinois',1731740,'PLAINFIELD SD 202',4,28904,13430,6862,8612,'','','','','','','','','','','','','1','','',NULL),
	('Chicago','MWA01','Illinois',1741690,'INDIAN PRAIRIE CUSD 204',3,29286,13023,7029,9234,'','','','','','','','','','','','','1','','',NULL),
	('Indianapolis','MWA04','Indiana',1801200,'CARMEL CLAY SCHOOLS',4,15750,7342,3826,4582,'','','','','','','','','','','','','1','','',NULL),
	('NW Indiana','MWA13','Indiana',1802490,'CROWN POINT COMMUNITY SCH CORP',5,7733,3352,1812,2569,'','','','','','','','','','','','','1','','',NULL),
	('NW Indiana','MWA13','Indiana',1803870,'GARY COMMUNITY SCHOOL CORP',2,10215,5340,2010,2865,'','','','','','','','','','','','','1','','',NULL),
	('NW Indiana','MWA13','Indiana',1804320,'SCHOOL CITY OF HAMMOND',1,13742,7140,2842,3760,'','','','','','','','','','','','','1','','',NULL),
	('Indianapolis','MWA04','Indiana',1804770,'INDIANAPOLIS PUBLIC SCHOOLS',1,31999,17883,6855,7261,'','','','','','','','','','','','','1','','',NULL),
	('NW Indiana','MWA13','Indiana',1805450,'LAKE CENTRAL SCHOOL CORP',3,10037,4393,2407,3237,'','','','','','','','','','','','','1','','',NULL),
	('Indianapolis','MWA04','Indiana',1805670,'M S D LAWRENCE TOWNSHIP',5,14878,6700,3345,4833,'','','','','','','','','','','','','1','','',NULL),
	('Louisville','GRA18','Indiana',1807410,'NEW ALBANY-FLOYD CO CON SCH',5,11458,5109,2665,3684,'','','','','','','','','','','','','1','','',NULL),
	('NW Indiana','MWA13','Indiana',1809150,'PORTAGE TOWNSHIP SCHOOLS',4,8065,3520,1929,2616,'','','','','','','','','','','','','1','','',NULL),
	('Indianapolis','MWA04','Indiana',1810650,'HAMILTON SOUTHEASTERN SCHOOLS',2,19053,9257,4594,5202,'','','','','','','','','','','','','1','','',NULL),
	('Indianapolis','MWA04','Indiana',1812810,'M S D WAYNE TOWNSHIP',3,16276,7732,3512,5032,'','','','','','','','','','','','','1','','',NULL),
	('Des Moines','MWA02','Iowa',1903690,'ANKENY COMM SCHOOL DISTRICT',3,9133,4828,1980,2325,'','','','','','','','','','','','','1','','',NULL),
	('Omaha','MWA07','Iowa',1908220,'COUNCIL BLUFFS COMM SCHOOL DISTRICT',5,9472,4778,1943,2751,'','','','','','','','','','','','','1','','',NULL),
	('Des Moines','MWA02','Iowa',1908970,'DES MOINES INDEPENDENT COMM SCHOOL DISTRICT',1,33453,17440,6918,9095,'','','','','','','','','','','','','1','','',NULL),
	('Des Moines','MWA02','Iowa',1926820,'SOUTHEAST POLK COMM SCHOOL DISTRICT',5,6412,3192,1435,1785,'','','','','','','','','','','','','1','','',NULL),
	('Des Moines','MWA02','Iowa',1930510,'WAUKEE COMM SCHOOL DISTRICT',4,7116,3834,1656,1626,'','','','','','','','','','','','','1','','',NULL),
	('Des Moines','MWA02','Iowa',1930930,'WEST DES MOINES COMM SCHOOL DISTRICT',2,9346,4491,2050,2805,'','','','','','','','','','','','','1','','',NULL),
	('Wichita','MWA10','Kansas',2003360,'ANDOVER',4,5315,2335,1265,1681,'','','','','','','','','','','','','1','','',NULL),
	('Wichita','MWA10','Kansas',2005460,'DERBY',3,6781,3415,1477,1888,'','','','','','','','','','','','','1','','',NULL),
	('Wichita','MWA10','Kansas',2006540,'GODDARD',5,5314,2428,1247,1639,'','','','','','','','','','','','','1','','',NULL),
	('Kansas City','MWA05','Kansas',2007950,'KANSAS CITY',4,20499,11025,4359,4856,'','','','','','','','','','','','','1','','',NULL),
	('Wichita','MWA10','Kansas',2009140,'MAIZE',2,6958,3102,1670,2179,'','','','','','','','','','','','','1','','',NULL),
	('Kansas City','MWA05','Kansas',2010140,'OLATHE',1,28182,14011,6268,7696,'','','','','','','','','','','','','1','','',NULL),
	('Kansas City','MWA05','Kansas',2011640,'SHAWNEE MISSION PUB SCH',2,27760,13202,6034,8461,'','','','','','','','','','','','','1','','',NULL),
	('Kansas City','MWA05','Kansas',2012000,'BLUE VALLEY',3,21925,10001,5178,6730,'','','','','','','','','','','','','1','','',NULL),
	('Wichita','MWA10','Kansas',2012990,'WICHITA',1,49389,26118,10215,12585,'','','','','','','','','','','','','1','','',NULL),
	('Cincinnati','GRA08','Kentucky',2100510,'BOONE CO',2,19577,9697,4640,5235,'','','','','','','','','','','','','1','','',NULL),
	('Louisville','GRA18','Kentucky',2100750,'BULLITT CO',3,13033,6066,3006,3957,'','','','','','','','','','','','','1','','',NULL),
	('Lexington','GRA17','Kentucky',2101860,'FAYETTE COUNTY',1,38641,19911,8350,10368,'','','','','','','','','','','','','1','','',NULL),
	('Louisville','GRA18','Kentucky',2102490,'HARDIN COUNTY',2,14174,6571,3136,4453,'','','','','','','','','','','','','1','','',NULL),
	('Louisville','GRA18','Kentucky',2102990,'JEFFERSON COUNTY',1,99191,49034,21701,28294,'','','','','','','','','','','','','1','','',NULL),
	('Lexington','GRA17','Kentucky',2103030,'JESSAMINE COUNTY',5,7922,3940,1776,2196,'','','','','','','','','','','','','1','','',NULL),
	('Cincinnati','GRA08','Kentucky',2103090,'KENTON COUNTY',3,14607,7198,3311,4074,'','','','','','','','','','','','','1','','',NULL),
	('Lexington','GRA17','Kentucky',2103210,'LAUREL COUNTY',2,9460,4515,2228,2712,'','','','','','','','','','','','','1','','',NULL),
	('Louisville','GRA18','Kentucky',2104530,'OLDHAM COUNTY',4,12053,5501,2894,3646,'','','','','','','','','','','','','1','','',NULL),
	('Lexington','GRA17','Kentucky',2104950,'PULASKI COUNTY',4,8176,3966,1842,2358,'','','','','','','','','','','','','1','','',NULL),
	('Lexington','GRA17','Kentucky',2105260,'SCOTT COUNTY',3,8544,4310,1933,2298,'','','','','','','','','','','','','1','','',NULL),
	('Baton Rouge','GSA02','Louisiana',2200039,'ZACHARY COMMUNITY SCHOOL DISTRICT',4,5235,2538,1221,1476,'','','','','','','','','','','','','1','','',NULL),
	('Baton Rouge','GSA02','Louisiana',2200090,'ASCENSION PARISH',3,20465,9983,4704,5778,'','','','','','','','','','','','','1','','',NULL),
	('Baton Rouge','GSA02','Louisiana',2200540,'EAST BATON ROUGE PARISH',1,42854,23135,8683,11036,'','','','','','','','','','','','','1','','',NULL),
	('Baton Rouge','GSA02','Louisiana',2200750,'IBERVILLE PARISH',5,4569,2414,1075,1080,'','','','','','','','','','','','','0','','',NULL),
	('Greater New Orleans Area','GSA04','Louisiana',2200840,'JEFFERSON PARISH',1,45688,24371,9613,11704,'','','','','','','','','','','','','1','','',NULL),
	('Baton Rouge','GSA02','Louisiana',2201020,'LIVINGSTON PARISH',2,24773,12476,5857,6440,'','','','','','','','','','','','','1','','',NULL),
	('Greater New Orleans Area','GSA04','Louisiana',2201170,'ORLEANS PARISH',3,10881,4061,1917,4903,'','','','','','','','','','','','','1','','',NULL),
	('Greater New Orleans Area','GSA04','Louisiana',2201440,'ST. CHARLES PARISH',4,9743,4621,2202,2920,'','','','','','','','','','','','','1','','',NULL),
	('Greater New Orleans Area','GSA04','Louisiana',2201530,'ST. JOHN THE BAPTIST PARISH',5,6423,3358,1516,1549,'','','','','','','','','','','','','1','','',NULL),
	('Greater New Orleans Area','GSA04','Louisiana',2201650,'ST. TAMMANY PARISH',2,37058,17825,8718,10515,'','','','','','','','','','','','','1','','',NULL),
	('Maine','FDA08','Maine',2309930,'PORTLAND PUBLIC SCHOOLS',1,6896,3279,1510,2107,'','','','','','','','','','','','','1','','',NULL),
	('Maine','FDA08','Maine',2311790,'RSU 06/MSAD 06',3,3914,1788,934,1192,'','','','','','','','','','','','','1','','',NULL),
	('Maine','FDA08','Maine',2314670,'RSU 57/MSAD 57',5,3310,1448,806,1056,'','','','','','','','','','','','','1','','',NULL),
	('Maine','FDA08','Maine',2314784,'RSU 23',2,4053,1680,974,1399,'','','','','','','','','','','','','1','','',NULL),
	('Maine','FDA08','Maine',2314793,'RSU 14',4,3380,1477,802,1101,'','','','','','','','','','','','','1','','',NULL),
	('Greater Baltimore','MAA02','Maryland',2400060,'ANNE ARUNDEL COUNTY PUBLIC SCHOOLS',3,76303,36759,16848,22696,'','','','','','','','','','','','','1','','',NULL),
	('Greater Baltimore','MAA02','Maryland',2400090,'BALTIMORE CITY PUBLIC SCHOOLS',2,84212,43520,16986,23706,'','','','','','','','','','','','','1','','',NULL),
	('Greater Baltimore','MAA02','Maryland',2400120,'BALTIMORE COUNTY PUBLIC SCHOOLS',1,105153,51388,22772,30993,'','','','','','','','','','','','','1','','',NULL),
	('Greater Baltimore','MAA02','Maryland',2400390,'HARFORD COUNTY PUBLIC SCHOOLS',5,38224,17545,8643,12036,'','','','','','','','','','','','','1','','',NULL),
	('Greater Baltimore','MAA02','Maryland',2400420,'HOWARD COUNTY PUBLIC SCHOOLS',4,51555,23347,11541,16667,'','','','','','','','','','','','','1','','',NULL),
	('Greater Washington Region','MAA03','Maryland',2400480,'MONTGOMERY COUNTY PUBLIC SCHOOLS',2,146459,69951,31276,45232,'','','','','','','','','','','','','1','','',NULL),
	('Greater Washington Region','MAA03','Maryland',2400510,'PRINCE GEORGE\'S COUNTY PUBLIC SCHOOLS',3,123833,60443,26118,37272,'','','','','','','','','','','','','1','','',NULL),
	('Greater Boston','FDA05','Massachusetts',2502790,'BOSTON',1,55027,27224,11153,16481,'','','','','','','','','','','','','0','','',NULL),
	('Greater Boston','FDA05','Massachusetts',2503090,'BROCKTON',2,16162,7983,3726,4428,'','','','','','','','','','','','','1','','',NULL),
	('Rhode Island','FDA13','Massachusetts',2504830,'FALL RIVER',5,9834,5110,2293,2431,'','','','','','','','','','','','','1','','',NULL),
	('Greater Boston','FDA05','Massachusetts',2506660,'LAWRENCE',5,12900,6553,3028,3288,'','','','','','','','','','','','','1','','',NULL),
	('Greater Boston','FDA05','Massachusetts',2507020,'LOWELL',4,13548,7065,3303,3164,'','','','','','','','','','','','','1','','',NULL),
	('Greater Boston','FDA05','Massachusetts',2507110,'LYNN',3,13731,6920,2891,3907,'','','','','','','','','','','','','1','','',NULL),
	('Rhode Island','FDA13','Massachusetts',2508430,'NEW BEDFORD',2,12551,7230,2772,2549,'','','','','','','','','','','','','1','','',NULL),
	('Detroit','MWA03','Michigan',2609570,'CHIPPEWA VALLEY SCHOOLS',5,16178,7033,3955,5190,'','','','','','','','','','','','','1','','',NULL),
	('Detroit','MWA03','Michigan',2611600,'DEARBORN CITY SCHOOL DISTRICT',3,18736,8577,4226,5926,'','','','','','','','','','','','','1','','',NULL),
	('Detroit','MWA03','Michigan',2612000,'DETROIT CITY SCHOOL DISTRICT',1,67064,31728,14013,21117,'','','','','','','','','','','','','1','','',NULL),
	('Grand Rapid','MWA12','Michigan',2614610,'FOREST HILLS PUBLIC SCHOOLS',2,10112,4459,2420,3230,'','','','','','','','','','','','','1','','',NULL),
	('Grand Rapid','MWA12','Michigan',2616440,'GRAND RAPIDS PUBLIC SCHOOLS',1,17606,9690,3633,4283,'','','','','','','','','','','','','1','','',NULL),
	('Grand Rapid','MWA12','Michigan',2616470,'GRANDVILLE PUBLIC SCHOOLS',5,5690,2495,1299,1882,'','','','','','','','','','','','','1','','',NULL),
	('Grand Rapid','MWA12','Michigan',2620340,'KENTWOOD PUBLIC SCHOOLS',3,8761,3845,1859,3047,'','','','','','','','','','','','','0','','',NULL),
	('Detroit','MWA03','Michigan',2628560,'PLYMOUTH-CANTON COMMUNITY SCHOOLS',4,18426,7642,4379,6397,'','','','','','','','','','','','','1','','',NULL),
	('Grand Rapid','MWA12','Michigan',2630030,'ROCKFORD PUBLIC SCHOOLS',4,7880,3468,1821,2584,'','','','','','','','','','','','','1','','',NULL),
	('Detroit','MWA03','Michigan',2634470,'UTICA COMMUNITY SCHOOLS',2,28606,12170,6751,9653,'','','','','','','','','','','','','1','','',NULL),
	('Twin Cities','MWA09','Minnesota',2703180,'ANOKA-HENNEPIN PUBLIC SCHOOL DIST.',1,38748,16943,8669,13136,'','','','','','','','','','','','','1','','',NULL),
	('Twin Cities','MWA09','Minnesota',2721240,'MINNEAPOLIS PUBLIC SCHOOL DIST.',3,35046,18535,6932,9579,'','','','','','','','','','','','','1','','',NULL),
	('Twin Cities','MWA09','Minnesota',2725200,'OSSEO PUBLIC SCHOOL DISTRICT',5,20917,9972,4491,6454,'','','','','','','','','','','','','1','','',NULL),
	('Twin Cities','MWA09','Minnesota',2732390,'ROSEMOUNT-APPLE VALLEY-EAGAN',4,27515,12220,6131,9164,'','','','','','','','','','','','','1','','',NULL),
	('Twin Cities','MWA09','Minnesota',2733840,'ST. PAUL PUBLIC SCHOOL DISTRICT',2,38310,19005,7893,11412,'','','','','','','','','','','','','1','','',NULL),
	('Memphis','GSA06','Mississippi',2801320,'DESOTO CO SCHOOL DIST',3,32311,14740,7660,9129,'','','','','','','','','','','','','1','','',NULL),
	('Jackson','GSA14','Mississippi',2801860,'HINDS CO SCHOOL DIST',5,6319,2874,1511,1863,'','','','','','','','','','','','','1','','',NULL),
	('Jackson','GSA14','Mississippi',2802190,'JACKSON PUBLIC SCHOOL DIST',1,29898,14892,6504,8087,'','','','','','','','','','','','','1','','',NULL),
	('Jackson','GSA14','Mississippi',2802430,'LAUDERDALE CO SCHOOL DIST',4,6703,3092,1570,1841,'','','','','','','','','','','','','1','','',NULL),
	('Palm Beach','GSA10','Mississippi',2802760,'LUMBERTON PUBLIC SCHOOL DISTRICT',5,674,338,141,195,'','','','','','','','','','','','','1','','',NULL),
	('Jackson','GSA14','Mississippi',2802790,'MADISON CO SCHOOL DIST',3,12182,5538,2897,3544,'','','','','','','','','','','','','1','','',NULL),
	('Palm Beach','GSA10','Mississippi',2803540,'PEARL RIVER CO SCHOOL DIST',3,3080,1403,720,902,'','','','','','','','','','','','','1','','',NULL),
	('Palm Beach','GSA10','Mississippi',2803630,'PICAYUNE SCHOOL DIST',2,3670,1828,828,936,'','','','','','','','','','','','','1','','',NULL),
	('Palm Beach','GSA10','Mississippi',2803720,'POPLARVILLE SEPARATE SCHOOL DIST',4,2025,869,497,626,'','','','','','','','','','','','','1','','',NULL),
	('Jackson','GSA14','Mississippi',2803830,'RANKIN CO SCHOOL DIST',2,19376,9284,4582,5234,'','','','','','','','','','','','','1','','',NULL),
	('St Louis','MWA08','Missouri',2908370,'FT. ZUMWALT R-II',4,18977,8417,4412,6148,'','','','','','','','','','','','','1','','',NULL),
	('St Louis','MWA08','Missouri',2913830,'HAZELWOOD',5,17772,7675,4354,5743,'','','','','','','','','','','','','1','','',NULL),
	('Kansas City','MWA05','Missouri',2922800,'NORTH KANSAS CITY 74',5,19133,9337,4209,5587,'','','','','','','','','','','','','1','','',NULL),
	('St Louis','MWA08','Missouri',2926850,'ROCKWOOD R-VI',2,22503,9577,5426,7500,'','','','','','','','','','','','','1','','',NULL),
	('St Louis','MWA08','Missouri',2928950,'FRANCIS HOWELL R-III',3,19626,10169,3877,5580,'','','','','','','','','','','','','1','','',NULL),
	('St Louis','MWA08','Missouri',2929280,'ST. LOUIS CITY',1,24665,12948,4613,7104,'','','','','','','','','','','','','1','','',NULL),
	('Omaha','MWA07','Nebraska',3103810,'BELLEVUE PUBLIC SCHOOLS',4,9988,4675,2172,3141,'','','','','','','','','','','','','1','','',NULL),
	('Omaha','MWA07','Nebraska',3173740,'MILLARD PUBLIC SCHOOLS',2,23074,11090,5082,6902,'','','','','','','','','','','','','1','','',NULL),
	('Omaha','MWA07','Nebraska',3174820,'OMAHA PUBLIC SCHOOLS',1,50340,26715,10266,13359,'','','','','','','','','','','','','1','','',NULL),
	('Omaha','MWA07','Nebraska',3175270,'PAPILLION-LA VISTA PUBLIC SCHS',3,10338,4998,2201,3139,'','','','','','','','','','','','','1','','',NULL),
	('Las Vegas Division','WSA09','Nevada',3200060,'CLARK COUNTY SCHOOL DISTRICT',1,313398,149006,72721,91192,'','','','','','','','','','','','','1','','',NULL),
	('Northern Nevada','WSA11','Nevada',3200450,'STOREY COUNTY SCHOOL DISTRICT',2,409,182,93,133,'','','','','','','','','','','','','0','','',NULL),
	('Northern Nevada','WSA11','Nevada',3200480,'WASHOE COUNTY SCHOOL DISTRICT',1,64740,30440,14742,19485,'','','','','','','','','','','','','1','','',NULL),
	('New Hampshire','FDA09','New Hampshire',3302610,'DERRY SCHOOL DISTRICT',1,5718,2263,1316,2139,'','','','','','','','','','','','','1','','',NULL),
	('New Hampshire','FDA09','New Hampshire',3304410,'LONDONDERRY SCHOOL DISTRICT',2,4802,1919,1177,1706,'','','','','','','','','','','','','1','','',NULL),
	('New Hampshire','FDA09','New Hampshire',3305940,'ROCHESTER SCHOOL DISTRICT',4,4203,1949,940,1314,'','','','','','','','','','','','','1','','',NULL),
	('New Hampshire','FDA09','New Hampshire',3306060,'SALEM SCHOOL DISTRICT',3,4315,1762,1054,1499,'','','','','','','','','','','','','1','','',NULL),
	('New Hampshire','FDA09','New Hampshire',3306720,'TIMBERLANE REGIONAL SCHOOL DISTRICT',5,4158,1721,1017,1420,'','','','','','','','','','','','','1','','',NULL),
	('Southern NJ','FDA18','New Jersey',3402640,'CAMDEN CITY',1,13723,8282,2046,1882,'','','','','','','','','','','','','1','','',NULL),
	('Southern NJ','FDA18','New Jersey',3403000,'CHERRY HILL TOWNSHIP',3,11248,4996,2661,3591,'','','','','','','','','','','','','1','','',NULL),
	('Central NJ','FDA19','New Jersey',3404500,'EDISON TOWNSHIP',3,14224,6622,3192,4154,'','','','','','','','','','','','','1','','',NULL),
	('Central NJ','FDA19','New Jersey',3404590,'ELIZABETH',1,23386,13143,4573,4716,'','','','','','','','','','','','','1','','',NULL),
	('Northern New Jersey','FDA11','New Jersey',3404590,'ELIZABETH',4,23386,13143,4573,4716,'','','','','','','','','','','','','1','','',NULL),
	('Southern NJ','FDA18','New Jersey',3406540,'HAMILTON TOWNSHIP',2,12441,5124,2730,3966,'','','','','','','','','','','','','1','','',NULL),
	('Northern New Jersey','FDA11','New Jersey',3407830,'JERSEY CITY',2,27397,14408,5387,6493,'','','','','','','','','','','','','1','','',NULL),
	('Northern New Jersey','FDA11','New Jersey',3411340,'NEWARK',1,35543,16689,6912,9099,'','','','','','','','','','','','','1','','',NULL),
	('Northern New Jersey','FDA11','New Jersey',3412540,'PASSAIC CITY',5,13136,7651,2488,2427,'','','','','','','','','','','','','1','','',NULL),
	('Northern New Jersey','FDA11','New Jersey',3412690,'PATERSON',3,24365,12145,5539,5581,'','','','','','','','','','','','','1','','',NULL),
	('Central NJ','FDA19','New Jersey',3412930,'PERTH AMBOY',5,10258,5748,2052,2215,'','','','','','','','','','','','','1','','',NULL),
	('Central NJ','FDA19','New Jersey',3416230,'TOMS RIVER REGIONAL',2,16981,6903,3720,5463,'','','','','','','','','','','','','0','','',NULL),
	('Southern NJ','FDA18','New Jersey',3416800,'VINELAND CITY',5,9734,4644,1927,2592,'','','','','','','','','','','','','1','','',NULL),
	('Southern NJ','FDA18','New Jersey',3417700,'WEST WINDSOR-PLAINSBORO R',4,9804,4066,2244,3237,'','','','','','','','','','','','','1','','',NULL),
	('Central NJ','FDA19','New Jersey',3418120,'WOODBRIDGE TOWNSHIP',4,13109,5534,2864,4073,'','','','','','','','','','','','','1','','',NULL),
	('Albuquerque','SWA01','New Mexico',3500010,'RIO RANCHO PUBLIC SCHOOLS',2,16870,7920,4030,4920,'','','','','','','','','','','','','1','','',NULL),
	('Albuquerque','SWA01','New Mexico',3500060,'ALBUQUERQUE PUBLIC SCHOOLS',1,94318,46786,20456,27076,'','','','','','','','','','','','','1','','',NULL),
	('Albuquerque','SWA01','New Mexico',3500180,'BELEN CONSOLIDATED SCHOOLS',4,4553,2213,1009,1331,'','','','','','','','','','','','','1','','',NULL),
	('Albuquerque','SWA01','New Mexico',3501680,'LOS LUNAS PUBLIC SCHOOLS',3,8473,4068,2013,2392,'','','','','','','','','','','','','1','','',NULL),
	('Albuquerque','SWA01','New Mexico',3501890,'MORIARTY MUNICIPAL SCHOOLS',5,3237,1471,810,956,'','','','','','','','','','','','','1','','',NULL),
	('Albany','FDA01','New York',3602460,'ALBANY CITY SCHOOL DISTRICT',3,8441,4497,1618,2192,'','','','','','','','','','','','','1','','',NULL),
	('Dutchess-Ulster Counties','FDA04','New York',3603270,'ARLINGTON CENTRAL SCHOOL DISTRICT',2,9471,3736,2388,3307,'','','','','','','','','','','','','1','','',NULL),
	('Syracuse','FDA15','New York',3603870,'BALDWINSVILLE CENTRAL SCHOOL DISTRICT',4,5692,2369,1434,1855,'','','','','','','','','','','','','1','','',NULL),
	('Dutchess-Ulster Counties','FDA04','New York',3604140,'BEACON CITY SCHOOL DISTRICT',5,3360,1629,687,1038,'','','','','','','','','','','','','1','','',NULL),
	('Long Island','FDA07','New York',3605280,'BRENTWOOD UNION FREE SCHOOL DISTRICT',1,17143,8368,3685,4966,'','','','','','','','','','','','','1','','',NULL),
	('Buffalo Niagara Region','FDA02','New York',3605850,'BUFFALO CITY SCHOOL DISTRICT',1,32723,16273,7145,8990,'','','','','','','','','','','','','1','','',NULL),
	('Utica','FDA16','New York',3606900,'CENTRAL SQUARE CENTRAL SCHOOL DISTRICT',3,4380,1958,958,1435,'','','','','','','','','','','','','1','','',NULL),
	('Rochester','FDA14','New York',3610890,'FAIRPORT CENTRAL SCHOOL DISTRICT',4,6413,2662,1563,2161,'','','','','','','','','','','','','1','','',NULL),
	('Rochester','FDA14','New York',3612630,'GREECE CENTRAL SCHOOL DISTRICT',2,11871,5304,2688,3765,'','','','','','','','','','','','','1','','',NULL),
	('Long Island','FDA07','New York',3613290,'HALF HOLLOW HILLS CENTRAL SCHOOL DISTRICT',5,9868,3986,2524,3235,'','','','','','','','','','','','','1','','',NULL),
	('Orange-Sullivan-Rockland Counties (Tri County Board)','FDA12','New York',3614010,'HAVERSTRAW-STONY POINT CSD (NORTH ROCKLAND)',3,7896,3408,1871,2554,'','','','','','','','','','','','','1','','',NULL),
	('Dutchess-Ulster Counties','FDA04','New York',3615180,'HYDE PARK CENTRAL SCHOOL DISTRICT',4,3921,1600,888,1416,'','','','','','','','','','','','','1','','',NULL),
	('Buffalo Niagara Region','FDA02','New York',3616230,'KENMORE-TONAWANDA UNION FREE SCHOOL DISTRICT',3,7831,3611,1743,2418,'','','','','','','','','','','','','1','','',NULL),
	('Syracuse','FDA15','New York',3617520,'LIVERPOOL CENTRAL SCHOOL DISTRICT',3,7362,3282,1700,2314,'','','','','','','','','','','','','1','','',NULL),
	('Long Island','FDA07','New York',3619200,'MIDDLE COUNTRY CENTRAL SCHOOL DISTRICT',4,10163,4446,2333,3301,'','','','','','','','','','','','','1','','',NULL),
	('Orange-Sullivan-Rockland Counties (Tri County Board)','FDA12','New York',3619650,'MONROE-WOODBURY CENTRAL SCHOOL DISTRICT',5,7156,3078,1723,2315,'','','','','','','','','','','','','0','','',NULL),
	('Orange-Sullivan-Rockland Counties (Tri County Board)','FDA12','New York',3620340,'CLARKSTOWN CENTRAL SCHOOL DISTRICT',2,8803,3606,2095,3037,'','','','','','','','','','','','','1','','',NULL),
	('Utica','FDA16','New York',3620370,'NEW HARTFORD CENTRAL SCHOOL DISTRICT',5,2607,1120,635,840,'','','','','','','','','','','','','1','','',NULL),
	('New York','FDA10','New York',3620580,'NEW YORK CITY PUBLIC SCHOOLS',1,1015248,493765,209812,311671,'','','','','','','','','','','','','1','','',NULL),
	('Orange-Sullivan-Rockland Counties (Tri County Board)','FDA12','New York',3620700,'NEWBURGH CITY SCHOOL DISTRICT',1,11544,5627,2522,3361,'','','','','','','','','','','','','1','','',NULL),
	('Buffalo Niagara Region','FDA02','New York',3620820,'NIAGARA FALLS CITY SCHOOL DISTRICT',5,6830,3401,1480,1892,'','','','','','','','','','','','','1','','',NULL),
	('Syracuse','FDA15','New York',3621210,'NORTH SYRACUSE CENTRAL SCHOOL DISTRICT',2,9388,4175,2212,2937,'','','','','','','','','','','','','1','','',NULL),
	('Rochester','FDA14','New York',3623160,'PITTSFORD CENTRAL SCHOOL DISTRICT',5,5929,2481,1434,1995,'','','','','','','','','','','','','1','','',NULL),
	('Dutchess-Ulster Counties','FDA04','New York',3623760,'POUGHKEEPSIE CITY SCHOOL DISTRICT',3,4371,2227,967,1170,'','','','','','','','','','','','','1','','',NULL),
	('Rochester','FDA14','New York',3624750,'ROCHESTER CITY SCHOOL DISTRICT',1,31432,15433,6615,9101,'','','','','','','','','','','','','1','','',NULL),
	('Utica','FDA16','New York',3624900,'ROME CITY SCHOOL DISTRICT',2,5148,2401,1148,1551,'','','','','','','','','','','','','1','','',NULL),
	('Long Island','FDA07','New York',3625350,'SACHEM CENTRAL SCHOOL DISTRICT',2,14465,6272,3476,4630,'','','','','','','','','','','','','1','','',NULL),
	('Albany','FDA01','New York',3625770,'SARATOGA SPRINGS CITY SCHOOL DISTRICT',4,6667,2923,1654,2043,'','','','','','','','','','','','','1','','',NULL),
	('Albany','FDA01','New York',3626010,'SCHENECTADY CITY SCHOOL DISTRICT',1,9821,4915,2214,2659,'','','','','','','','','','','','','1','','',NULL),
	('Albany','FDA01','New York',3626670,'SHENENDEHOWA CENTRAL SCHOOL DISTRICT',2,9800,4401,2381,2953,'','','','','','','','','','','','','1','','',NULL),
	('Long Island','FDA07','New York',3627060,'SMITHTOWN CENTRAL SCHOOL DISTRICT',3,10623,4494,2583,3485,'','','','','','','','','','','','','1','','',NULL),
	('Albany','FDA01','New York',3627210,'SOUTH COLONIE CENTRAL SCHOOL DISTRICT',5,5232,2280,1184,1748,'','','','','','','','','','','','','1','','',NULL),
	('Orange-Sullivan-Rockland Counties (Tri County Board)','FDA12','New York',3627810,'EAST RAMAPO CENTRAL SCHOOL DISTRICT (SPRING VALLEY)',4,7830,3501,1719,2540,'','','','','','','','','','','','','1','','',NULL),
	('Syracuse','FDA15','New York',3628590,'SYRACUSE CITY SCHOOL DISTRICT',1,20491,10360,4325,5574,'','','','','','','','','','','','','1','','',NULL),
	('Utica','FDA16','New York',3629370,'UTICA CITY SCHOOL DISTRICT',1,9619,4779,2090,2633,'','','','','','','','','','','','','1','','',NULL),
	('Dutchess-Ulster Counties','FDA04','New York',3629880,'WAPPINGERS CENTRAL SCHOOL DISTRICT',1,11950,4974,2812,4150,'','','','','','','','','','','','','1','','',NULL),
	('Rochester','FDA14','New York',3630360,'WEBSTER CENTRAL SCHOOL DISTRICT',3,8665,3715,2012,2906,'','','','','','','','','','','','','1','','',NULL),
	('Syracuse','FDA15','New York',3630630,'WEST GENESEE CENTRAL SCHOOL DISTRICT',5,4874,2001,1181,1668,'','','','','','','','','','','','','1','','',NULL),
	('Buffalo Niagara Region','FDA02','New York',3630780,'WEST SENECA CENTRAL SCHOOL DISTRICT',4,7068,3038,1605,2272,'','','','','','','','','','','','','1','','',NULL),
	('Utica','FDA16','New York',3631320,'WHITESBORO CENTRAL SCHOOL DISTRICT',4,3385,1483,758,1140,'','','','','','','','','','','','','1','','',NULL),
	('Buffalo Niagara Region','FDA02','New York',3631470,'WILLIAMSVILLE CENTRAL SCHOOL DISTRICT',2,10315,4524,2408,3325,'','','','','','','','','','','','','1','','',NULL),
	('Charlotte','MAA01','North Carolina',3700530,'CABARRUS COUNTY SCHOOLS',4,29747,14211,6961,8575,'','','','','','','','','','','','','1','','',NULL),
	('Triangle Metro Division','MAA06','North Carolina',3701260,'DURHAM PUBLIC SCHOOLS',2,33256,16429,7005,9822,'','','','','','','','','','','','','1','','',NULL),
	('Triangle Metro Division','MAA06','North Carolina',3701530,'FRANKLIN COUNTY SCHOOLS',5,8662,4155,1950,2557,'','','','','','','','','','','','','1','','',NULL),
	('Charlotte','MAA01','North Carolina',3701620,'GASTON COUNTY SCHOOLS',3,31696,14862,7401,9433,'','','','','','','','','','','','','1','','',NULL),
	('Triangle Metro Division','MAA06','North Carolina',3702370,'JOHNSTON COUNTY SCHOOLS',3,33097,16146,7811,9140,'','','','','','','','','','','','','1','','',NULL),
	('Triangle Metro Division','MAA06','North Carolina',3702560,'LEE COUNTY SCHOOLS',4,9931,4865,2272,2794,'','','','','','','','','','','','','1','','',NULL),
	('Charlotte','MAA01','North Carolina',3702970,'CHARLOTTE-MECKLENBURG SCHOOLS',1,141728,72018,31009,38701,'','','','','','','','','','','','','1','','',NULL),
	('Charlotte','MAA01','North Carolina',3704620,'UNION COUNTY PUBLIC SCHOOLS',2,40111,18976,9498,11637,'','','','','','','','','','','','','1','','',NULL),
	('Triangle Metro Division','MAA06','North Carolina',3704720,'WAKE COUNTY SCHOOLS',1,148154,72129,33715,42310,'','','','','','','','','','','','','1','','',NULL),
	('Akron','GRA02','Ohio',3904348,'AKRON CITY',1,22678,11003,4842,6833,'','','','','','','','','','','','','1','','',NULL),
	('Canton','GRA05','Ohio',3904371,'CANTON CITY',1,9911,4875,2177,2859,'','','','','','','','','','','','','1','','',NULL),
	('Dayton','GRA11','Ohio',3904373,'CENTERVILLE CITY',2,8452,3651,1942,2859,'','','','','','','','','','','','','1','','',NULL),
	('Cincinnati','GRA08','Ohio',3904375,'CINCINNATI CITY',1,32154,16394,6696,9064,'','','','','','','','','','','','','1','','',NULL),
	('Cleveland','GRA09','Ohio',3904378,'CLEVELAND MUNICIPAL',1,42805,20308,9290,13207,'','','','','','','','','','','','','1','','',NULL),
	('Columbus','GRA10','Ohio',3904380,'COLUMBUS CITY SCHOOL DISTRICT',1,50488,26360,10413,13715,'','','','','','','','','','','','','1','','',NULL),
	('Akron','GRA02','Ohio',3904383,'CUYAHOGA FALLS CITY',4,4886,2179,1118,1589,'','','','','','','','','','','','','1','','',NULL),
	('Dayton','GRA11','Ohio',3904384,'DAYTON CITY',1,14795,7537,3233,4025,'','','','','','','','','','','','','1','','',NULL),
	('Middletown','GRA19','Ohio',3904410,'HAMILTON CITY',4,9745,5035,2145,2565,'','','','','','','','','','','','','1','','',NULL),
	('Dayton','GRA11','Ohio',3904418,'KETTERING CITY',4,7768,3759,1711,2298,'','','','','','','','','','','','','1','','',NULL),
	('Cleveland','GRA09','Ohio',3904426,'LORAIN CITY',5,7505,3473,1631,2401,'','','','','','','','','','','','','1','','',NULL),
	('Canton','GRA05','Ohio',3904450,'NORTH CANTON CITY',5,4725,1917,1050,1758,'','','','','','','','','','','','','1','','',NULL),
	('Cleveland','GRA09','Ohio',3904463,'PARMA CITY',2,11569,4743,2617,4209,'','','','','','','','','','','','','1','','',NULL),
	('Columbus','GRA10','Ohio',3904480,'SOUTH-WESTERN CITY',2,20895,9676,4851,6368,'','','','','','','','','','','','','1','','',NULL),
	('Dayton','GRA11','Ohio',3904481,'SPRINGFIELD CITY',5,7435,3867,1678,1890,'','','','','','','','','','','','','1','','',NULL),
	('Akron','GRA02','Ohio',3904483,'STOW-MUNROE FALLS CITY SCHOOL DISTRICT',3,5410,2323,1282,1805,'','','','','','','','','','','','','1','','',NULL),
	('Toledo','GRA28','Ohio',3904487,'SYLVANIA CITY',2,7596,3318,1738,2540,'','','','','','','','','','','','','1','','',NULL),
	('Toledo','GRA28','Ohio',3904490,'TOLEDO CITY',1,23115,12060,4778,6277,'','','','','','','','','','','','','1','','',NULL),
	('Youngstown','GRA27','Ohio',3904499,'WARREN CITY',2,5390,2659,1252,1479,'','','','','','','','','','','','','1','','',NULL),
	('Columbus','GRA10','Ohio',3904504,'WESTERVILLE CITY',5,14940,6848,3476,4616,'','','','','','','','','','','','','1','','',NULL),
	('Cleveland','GRA09','Ohio',3904510,'WILLOUGHBY-EASTLAKE CITY',3,8524,3701,1906,2917,'','','','','','','','','','','','','1','','',NULL),
	('Youngstown','GRA27','Ohio',3904516,'YOUNGSTOWN CITY SCHOOLS',1,5849,2870,1244,1735,'','','','','','','','','','','','','1','','',NULL),
	('Cleveland','GRA09','Ohio',3904549,'MENTOR EXEMPTED VILLAGE',4,8174,3525,1936,2713,'','','','','','','','','','','','','1','','',NULL),
	('Toledo','GRA28','Ohio',3904558,'PERRYSBURG EXEMPTED VILLAGE',5,4571,2203,1108,1260,'','','','','','','','','','','','','1','','',NULL),
	('Middletown','GRA19','Ohio',3904610,'FAIRFIELD CITY',3,9796,4631,2353,2812,'','','','','','','','','','','','','1','','',NULL),
	('Middletown','GRA19','Ohio',3904611,'LAKOTA LOCAL',1,17364,8178,4189,4997,'','','','','','','','','','','','','1','','',NULL),
	('Columbus','GRA10','Ohio',3904676,'OLENTANGY LOCAL',3,16690,8614,3897,4179,'','','','','','','','','','','','','1','','',NULL),
	('Columbus','GRA10','Ohio',3904701,'HILLIARD CITY',4,15464,7374,3520,4570,'','','','','','','','','','','','','1','','',NULL),
	('Dayton','GRA11','Ohio',3904724,'BEAVERCREEK CITY',3,7915,3583,1887,2445,'','','','','','','','','','','','','1','','',NULL),
	('Cincinnati','GRA08','Ohio',3904736,'NORTHWEST LOCAL',5,9212,4175,2164,2873,'','','','','','','','','','','','','1','','',NULL),
	('Middletown','GRA19','Ohio',3904736,'NORTHWEST LOCAL',5,9212,4175,2164,2873,'','','','','','','','','','','','','1','','',NULL),
	('Toledo','GRA28','Ohio',3904823,'WASHINGTON LOCAL',3,6736,3098,1558,2080,'','','','','','','','','','','','','1','','',NULL),
	('Youngstown','GRA27','Ohio',3904829,'AUSTINTOWN LOCAL',3,5250,2346,1310,1594,'','','','','','','','','','','','','1','','',NULL),
	('Youngstown','GRA27','Ohio',3904830,'BOARDMAN LOCAL',4,4559,2030,1020,1509,'','','','','','','','','','','','','1','','',NULL),
	('Akron','GRA02','Ohio',3904985,'JACKSON LOCAL',2,5824,2458,1451,1915,'','','','','','','','','','','','','1','','',NULL),
	('Canton','GRA05','Ohio',3904985,'JACKSON LOCAL',3,5824,2458,1451,1915,'','','','','','','','','','','','','1','','',NULL),
	('Canton','GRA05','Ohio',3904992,'PERRY LOCAL',4,4898,2170,1100,1628,'','','','','','','','','','','','','1','','',NULL),
	('Canton','GRA05','Ohio',3904993,'PLAIN LOCAL',2,6017,2657,1351,2009,'','','','','','','','','','','','','1','','',NULL),
	('Akron','GRA02','Ohio',3905002,'HUDSON CITY',5,4685,1904,1151,1630,'','','','','','','','','','','','','1','','',NULL),
	('Cincinnati','GRA08','Ohio',3905045,'MASON CITY SCHOOL DISTRICT',4,10931,4928,2754,3249,'','','','','','','','','','','','','1','','',NULL),
	('Middletown','GRA19','Ohio',3905045,'MASON CITY SCHOOL DISTRICT',2,10931,4928,2754,3249,'','','','','','','','','','','','','1','','',NULL),
	('Toledo','GRA28','Ohio',3910000,'FINDLAY CITY',4,5875,2600,1257,2018,'','','','','','','','','','','','','1','','',NULL),
	('Tulsa','SWA13','Oklahoma',4005490,'BROKEN ARROW',2,16985,8529,3769,4668,'','','','','','','','','','','','','1','','',NULL),
	('Oklahoma City','SWA10','Oklahoma',4010590,'EDMOND',3,21985,10628,4786,6569,'','','','','','','','','','','','','1','','',NULL),
	('Tulsa','SWA13','Oklahoma',4015720,'JENKS',4,10686,5171,2410,3105,'','','','','','','','','','','','','1','','',NULL),
	('Oklahoma City','SWA10','Oklahoma',4020250,'MOORE',2,22672,11294,5154,6221,'','','','','','','','','','','','','1','','',NULL),
	('Oklahoma City','SWA10','Oklahoma',4021720,'NORMAN',5,15022,7643,3174,3980,'','','','','','','','','','','','','1','','',NULL),
	('Oklahoma City','SWA10','Oklahoma',4022770,'OKLAHOMA CITY',1,43212,24934,8632,9397,'','','','','','','','','','','','','1','','',NULL),
	('Tulsa','SWA13','Oklahoma',4023280,'OWASSO',5,9336,4446,2204,2671,'','','','','','','','','','','','','1','','',NULL),
	('Oklahoma City','SWA10','Oklahoma',4025290,'PUTNAM CITY',4,19213,9834,4031,5348,'','','','','','','','','','','','','1','','',NULL),
	('Tulsa','SWA13','Oklahoma',4030240,'TULSA',1,41199,23756,8045,9112,'','','','','','','','','','','','','1','','',NULL),
	('Tulsa','SWA13','Oklahoma',4030600,'UNION',3,14990,7358,3290,4342,'','','','','','','','','','','','','1','','',NULL),
	('Portland','WSA12','Oregon',4100023,'HILLSBORO SD 1J',5,21286,10033,4749,6504,'','','','','','','','','','','','','1','','',NULL),
	('Portland','WSA12','Oregon',4101920,'BEAVERTON SD 48J',2,39736,18889,8984,11863,'','','','','','','','','','','','','1','','',NULL),
	('Portland','WSA12','Oregon',4110040,'PORTLAND SD 1J',1,46930,23963,9923,13044,'','','','','','','','','','','','','1','','',NULL),
	('Fayette','GRA29','Pennsylvania',4202100,'ALBERT GALLATIN AREA SD',2,3575,1617,868,1090,'','','','','','','','','','','','','1','','',NULL),
	('Lehigh Valley','GRA16','Pennsylvania',4202280,'ALLENTOWN CITY SD',2,17560,8788,3884,4888,'','','','','','','','','','','','','1','','',NULL),
	('Beaver Butler Counties Board','GRA04','Pennsylvania',4202590,'ARMSTRONG SD',3,5450,2498,1361,1591,'','','','','','','','','','','','','1','','',NULL),
	('Westmoreland County Board','GRA25','Pennsylvania',4202590,'ARMSTRONG SD',2,5450,2498,1361,1591,'','','','','','','','','','','','','1','','',NULL),
	('Fayette','GRA29','Pennsylvania',4203210,'BELLE VERNON AREA SD',5,2662,1150,635,876,'','','','','','','','','','','','','1','','',NULL),
	('Adams','GRA01','Pennsylvania',4203450,'BERMUDIAN SPRINGS SD',4,2031,922,465,644,'','','','','','','','','','','','','1','','',NULL),
	('Lehigh Valley','GRA16','Pennsylvania',4203570,'BETHLEHEM AREA SD',3,14427,6221,3458,4721,'','','','','','','','','','','','','1','','',NULL),
	('Beaver Butler Counties Board','GRA04','Pennsylvania',4204590,'BUTLER AREA SD',1,7473,3197,1802,2469,'','','','','','','','','','','','','1','','',NULL),
	('Washington County and Mon Valley Board','GRA24','Pennsylvania',4204890,'CANON-MCMILLAN SD',1,4958,2304,1161,1493,'','','','','','','','','','','','','1','','',NULL),
	('Philadelphia','GRA22','Pennsylvania',4205310,'CENTRAL BUCKS SD',2,20081,8476,4997,6608,'','','','','','','','','','','','','1','','',NULL),
	('Capital Region','GRA06','Pennsylvania',4205400,'CENTRAL DAUPHIN SD',1,10831,4998,2542,3291,'','','','','','','','','','','','','1','','',NULL),
	('York','GRA26','Pennsylvania',4205490,'CENTRAL YORK SD',3,5638,2609,1327,1702,'','','','','','','','','','','','','1','','',NULL),
	('Franklin Fulton','GRA13','Pennsylvania',4205550,'CHAMBERSBURG AREA SD',1,8667,4154,2072,2441,'','','','','','','','','','','','','1','','',NULL),
	('Adams','GRA01','Pennsylvania',4206550,'CONEWAGO VALLEY SD',1,3981,1771,946,1258,'','','','','','','','','','','','','1','','',NULL),
	('Fayette','GRA29','Pennsylvania',4206660,'CONNELLSVILLE AREA SD',1,4695,2210,1172,1313,'','','','','','','','','','','','','1','','',NULL),
	('Lebanon','GRA15','Pennsylvania',4206840,'CORNWALL-LEBANON SD',1,4669,2041,1066,1562,'','','','','','','','','','','','','0','','',NULL),
	('Erie','GRA12','Pennsylvania',4207080,'CRAWFORD CENTRAL SD',4,3890,1803,902,1164,'','','','','','','','','','','','','1','','',NULL),
	('Youngstown','GRA27','Pennsylvania',4207080,'CRAWFORD CENTRAL SD',5,3890,1803,902,1164,'','','','','','','','','','','','','1','','',NULL),
	('Capital Region','GRA06','Pennsylvania',4207110,'CUMBERLAND VALLEY SD',3,7849,3409,1861,2560,'','','','','','','','','','','','','0','','',NULL),
	('York','GRA26','Pennsylvania',4207230,'DALLASTOWN AREA SD',2,6036,2745,1418,1866,'','','','','','','','','','','','','1','','',NULL),
	('Lebanon','GRA15','Pennsylvania',4208460,'EASTERN LEBANON COUNTY SD',4,2457,1146,573,738,'','','','','','','','','','','','','0','','',NULL),
	('Northeast PA','GRA21','Pennsylvania',4208670,'EAST STROUDSBURG AREA SD',3,7666,3087,1824,2734,'','','','','','','','','','','','','1','','',NULL),
	('Erie','GRA12','Pennsylvania',4209300,'ERIE CITY SD',1,12324,5935,2622,3755,'','','','','','','','','','','','','1','','',NULL),
	('Adams','GRA01','Pennsylvania',4210710,'GETTYSBURG AREA SD',2,3023,1229,702,1092,'','','','','','','','','','','','','1','','',NULL),
	('Westmoreland County Board','GRA25','Pennsylvania',4210980,'GREATER LATROBE SD',5,4162,1789,1016,1357,'','','','','','','','','','','','','1','','',NULL),
	('Franklin Fulton','GRA13','Pennsylvania',4211010,'GREENCASTLE-ANTRIM SD',4,3003,1350,738,915,'','','','','','','','','','','','','1','','',NULL),
	('Capital Region','GRA06','Pennsylvania',4211580,'HARRISBURG CITY SD',4,6691,3468,1518,1705,'','','','','','','','','','','','','1','','',NULL),
	('Lehigh Valley','GRA16','Pennsylvania',4211700,'HAZLETON AREA SD',4,10337,4730,2362,3245,'','','','','','','','','','','','','1','','',NULL),
	('Northeast PA','GRA21','Pennsylvania',4211700,'HAZLETON AREA SD',1,10337,4730,2362,3245,'','','','','','','','','','','','','1','','',NULL),
	('Westmoreland County Board','GRA25','Pennsylvania',4211760,'HEMPFIELD AREA SD',1,6081,2688,1435,1958,'','','','','','','','','','','','','1','','',NULL),
	('Lancaster','GRA14','Pennsylvania',4211790,'HEMPFIELD SD',2,6947,3083,1641,2223,'','','','','','','','','','','','','1','','',NULL),
	('Beaver Butler Counties Board','GRA04','Pennsylvania',4212840,'KISKI AREA SD',4,3869,1651,959,1259,'','','','','','','','','','','','','1','','',NULL),
	('Lancaster','GRA14','Pennsylvania',4213140,'LANCASTER SD',1,10851,5541,2325,2977,'','','','','','','','','','','','','1','','',NULL),
	('Fayette','GRA29','Pennsylvania',4213320,'LAUREL HIGHLANDS SD',3,3263,1450,741,1072,'','','','','','','','','','','','','1','','',NULL),
	('Lebanon','GRA15','Pennsylvania',4213440,'LEBANON SD',2,4598,2462,953,1183,'','','','','','','','','','','','','1','','',NULL),
	('Adams','GRA01','Pennsylvania',4213980,'LITTLESTOWN AREA SD',3,2062,909,481,672,'','','','','','','','','','','','','1','','',NULL),
	('Lancaster','GRA14','Pennsylvania',4214580,'MANHEIM TOWNSHIP SD',3,5926,2594,1473,1859,'','','','','','','','','','','','','1','','',NULL),
	('Beaver Butler Counties Board','GRA04','Pennsylvania',4214790,'MARS AREA SD',5,3161,1413,778,970,'','','','','','','','','','','','','1','','',NULL),
	('Washington County and Mon Valley Board','GRA24','Pennsylvania',4214880,'MCGUFFEY SD',5,1908,790,476,642,'','','','','','','','','','','','','1','','',NULL),
	('Capital Region','GRA06','Pennsylvania',4215290,'MIFFLIN COUNTY SD',5,5416,2391,1292,1682,'','','','','','','','','','','','','1','','',NULL),
	('Erie','GRA12','Pennsylvania',4215330,'MILLCREEK TOWNSHIP SD',2,7350,3092,1794,2428,'','','','','','','','','','','','','1','','',NULL),
	('Allegheny','GRA03','Pennsylvania',4216110,'MT LEBANON SD',3,5278,2300,1192,1785,'','','','','','','','','','','','','1','','',NULL),
	('Allegheny','GRA03','Pennsylvania',4217010,'NORTH ALLEGHENY SD',2,8199,3571,1972,2650,'','','','','','','','','','','','','1','','',NULL),
	('Philadelphia','GRA22','Pennsylvania',4217280,'NORTH PENN SD',3,12649,5605,2976,4068,'','','','','','','','','','','','','1','','',NULL),
	('Lebanon','GRA15','Pennsylvania',4217640,'NORTHERN LEBANON SD',5,2354,1030,560,764,'','','','','','','','','','','','','1','','',NULL),
	('Allegheny','GRA03','Pennsylvania',4217940,'NORWIN SD',4,5199,2334,1204,1640,'','','','','','','','','','','','','1','','',NULL),
	('Westmoreland County Board','GRA25','Pennsylvania',4217940,'NORWIN SD',3,5199,2334,1204,1640,'','','','','','','','','','','','','1','','',NULL),
	('Lebanon','GRA15','Pennsylvania',4218390,'PALMYRA AREA SD',3,3263,1531,803,929,'','','','','','','','','','','','','1','','',NULL),
	('Lancaster','GRA14','Pennsylvania',4218630,'PENN MANOR SD',4,5133,2217,1277,1639,'','','','','','','','','','','','','1','','',NULL),
	('Westmoreland County Board','GRA25','Pennsylvania',4218660,'PENN-TRAFFORD SD',4,4179,1749,971,1459,'','','','','','','','','','','','','1','','',NULL),
	('Erie','GRA12','Pennsylvania',4218740,'PENNCREST SD',5,3403,1326,866,1211,'','','','','','','','','','','','','1','','',NULL),
	('Washington County and Mon Valley Board','GRA24','Pennsylvania',4218960,'PETERS TOWNSHIP SD',2,4401,1867,1044,1490,'','','','','','','','','','','','','1','','',NULL),
	('Philadelphia','GRA22','Pennsylvania',4218990,'PHILADELPHIA CITY SD',1,154262,79701,31202,41923,'','','','','','','','','','','','','1','','',NULL),
	('Allegheny','GRA03','Pennsylvania',4219170,'PITTSBURGH SD',1,26653,13565,5730,7358,'','','','','','','','','','','','','1','','',NULL),
	('Lehigh Valley','GRA16','Pennsylvania',4219500,'POCONO MOUNTAIN SD',5,10176,4090,2435,3651,'','','','','','','','','','','','','1','','',NULL),
	('Lehigh Valley','GRA16','Pennsylvania',4220040,'READING SD',1,18060,9343,4033,4657,'','','','','','','','','','','','','1','','',NULL),
	('York','GRA26','Pennsylvania',4220100,'RED LION AREA SD',4,5586,2504,1368,1714,'','','','','','','','','','','','','1','','',NULL),
	('Washington County and Mon Valley Board','GRA24','Pennsylvania',4220400,'RINGGOLD SD',4,3036,1312,709,1015,'','','','','','','','','','','','','1','','',NULL),
	('Northeast PA','GRA21','Pennsylvania',4221090,'SCRANTON SD',2,9798,4902,2066,2830,'','','','','','','','','','','','','1','','',NULL),
	('Allegheny','GRA03','Pennsylvania',4221200,'SHALER AREA SD',5,4797,2016,1117,1663,'','','','','','','','','','','','','1','','',NULL),
	('Franklin Fulton','GRA13','Pennsylvania',4221570,'SHIPPENSBURG AREA SD',3,3439,1503,845,1088,'','','','','','','','','','','','','1','','',NULL),
	('Beaver Butler Counties Board','GRA04','Pennsylvania',4222440,'SENECA VALLEY SD',2,7257,3294,1692,2271,'','','','','','','','','','','','','1','','',NULL),
	('Franklin Fulton','GRA13','Pennsylvania',4222740,'TUSCARORA SD',5,2584,1156,642,786,'','','','','','','','','','','','','1','','',NULL),
	('Washington County and Mon Valley Board','GRA24','Pennsylvania',4223760,'TRINITY AREA SD',3,3313,1433,813,1067,'','','','','','','','','','','','','1','','',NULL),
	('Fayette','GRA29','Pennsylvania',4224150,'UNIONTOWN AREA SD',4,2912,1335,680,897,'','','','','','','','','','','','','1','','',NULL),
	('Adams','GRA01','Pennsylvania',4224300,'UPPER ADAMS SD',5,1662,755,373,534,'','','','','','','','','','','','','1','','',NULL),
	('Philadelphia','GRA22','Pennsylvania',4224320,'UPPER DARBY SD',4,12216,5657,2788,3693,'','','','','','','','','','','','','1','','',NULL),
	('Erie','GRA12','Pennsylvania',4224820,'WARREN COUNTY SD',3,4764,2033,1162,1569,'','','','','','','','','','','','','1','','',NULL),
	('Lancaster','GRA14','Pennsylvania',4224960,'WARWICK SD',5,4388,1908,1006,1474,'','','','','','','','','','','','','1','','',NULL),
	('Franklin Fulton','GRA13','Pennsylvania',4225110,'WAYNESBORO AREA SD',2,4328,2000,1068,1260,'','','','','','','','','','','','','1','','',NULL),
	('Philadelphia','GRA22','Pennsylvania',4225290,'WEST CHESTER AREA SD',5,11827,5080,2791,3956,'','','','','','','','','','','','','1','','',NULL),
	('Capital Region','GRA06','Pennsylvania',4225830,'WEST SHORE SD',2,7962,3612,1871,2479,'','','','','','','','','','','','','1','','',NULL),
	('York','GRA26','Pennsylvania',4225830,'WEST SHORE SD',1,7962,3612,1871,2479,'','','','','','','','','','','','','1','','',NULL),
	('Northeast PA','GRA21','Pennsylvania',4226300,'WILKES-BARRE AREA SD',4,7044,3130,1672,2239,'','','','','','','','','','','','','1','','',NULL),
	('Northeast PA','GRA21','Pennsylvania',4226460,'WILLIAMSPORT AREA SD',5,5436,2565,1216,1655,'','','','','','','','','','','','','1','','',NULL),
	('York','GRA26','Pennsylvania',4226820,'YORK CITY SD',5,5196,3104,1042,1050,'','','','','','','','','','','','','1','','',NULL),
	('Rhode Island','FDA13','Rhode Island',4400240,'CRANSTON',3,10683,4960,2272,3451,'','','','','','','','','','','','','1','','',NULL),
	('Rhode Island','FDA13','Rhode Island',4400900,'PROVIDENCE',1,23518,11836,4767,6915,'','','','','','','','','','','','','1','','',NULL),
	('Rhode Island','FDA13','Rhode Island',4401110,'WARWICK',4,9977,4507,2245,3225,'','','','','','','','','','','','','1','','',NULL),
	('Columbia','MAA07','South Carolina',4500720,'AIKEN 01',2,24729,12207,5563,6959,'','','','','','','','','','','','','1','','',NULL),
	('Columbia','MAA07','South Carolina',4502700,'LEXINGTON 01',4,22990,10949,5380,6661,'','','','','','','','','','','','','1','','',NULL),
	('Columbia','MAA07','South Carolina',4502820,'LEXINGTON 05',5,16560,7302,4026,5232,'','','','','','','','','','','','','1','','',NULL),
	('Columbia','MAA07','South Carolina',4503360,'RICHLAND 01',3,23942,12257,5190,6495,'','','','','','','','','','','','','1','','',NULL),
	('Columbia','MAA07','South Carolina',4503390,'RICHLAND 02',1,25954,12090,6079,7785,'','','','','','','','','','','','','1','','',NULL),
	('Charlotte','MAA01','South Carolina',4503870,'YORK 03',5,17217,8323,3938,4956,'','','','','','','','','','','','','1','','',NULL),
	('Memphis','GSA06','Tennessee',4702940,'MEMPHIS',1,110952,54450,24232,32270,'','','','','','','','','','','','','1','','',NULL),
	('Rutherford County','GSA13','Tennessee',4703150,'MURFREESBORO',2,7581,6897,684,0,'','','','','','','','','','','','','1','','',NULL),
	('Nashville','GSA08','Tennessee',4703180,'DAVIDSON COUNTY',1,80393,42544,16854,20995,'','','','','','','','','','','','','1','','',NULL),
	('Nashville','GSA08','Tennessee',4703600,'ROBERTSON COUNTY',5,11457,5612,2651,3194,'','','','','','','','','','','','','1','','',NULL),
	('Rutherford County','GSA13','Tennessee',4703690,'RUTHERFORD COUNTY',1,39608,16424,10009,13175,'','','','','','','','','','','','','1','','',NULL),
	('Memphis','GSA06','Tennessee',4703810,'SHELBY COUNTY',2,46423,20615,11175,14633,'','','','','','','','','','','','','1','','',NULL),
	('Nashville','GSA08','Tennessee',4704020,'SUMNER COUNTY',3,28361,13230,6679,8452,'','','','','','','','','','','','','1','','',NULL),
	('Memphis','GSA06','Tennessee',4704080,'TIPTON COUNTY',4,11988,5485,2895,3608,'','','','','','','','','','','','','1','','',NULL),
	('Nashville','GSA08','Tennessee',4704530,'WILLIAMSON COUNTY',2,32983,15375,7172,10436,'','','','','','','','','','','','','1','','',NULL),
	('Nashville','GSA08','Tennessee',4704550,'WILSON COUNTY',4,20075,7884,4546,7645,'','','','','','','','','','','','','1','','',NULL),
	('Houston','SWA07','Texas',4807710,'ALDINE ISD',4,64300,35601,13328,15371,'','','','','','','','','','','','','1','','',NULL),
	('Tarrant County','SWA12','Texas',4808700,'ARLINGTON ISD',2,64703,33475,13827,17401,'','','','','','','','','','','','','1','','',NULL),
	('Austin','SWA02','Texas',4808940,'AUSTIN ISD',1,86528,48944,16977,20607,'','','','','','','','','','','','','1','','',NULL),
	('Tarrant County','SWA12','Texas',4810230,'BIRDVILLE ISD',5,23711,11850,5198,6663,'','','','','','','','','','','','','1','','',NULL),
	('Corpus Christi','SWA04','Texas',4812420,'CALALLEN ISD',4,3954,1801,949,1204,'','','','','','','','','','','','','1','','',NULL),
	('Austin','SWA02','Texas',4814730,'COMAL ISD',5,17817,8514,4098,5205,'','','','','','','','','','','','','1','','',NULL),
	('San Antonio','SWA11','Texas',4814730,'COMAL ISD',5,17817,8514,4098,5205,'','','','','','','','','','','','','1','','',NULL),
	('Montgomery County','SWA14','Texas',4815000,'CONROE ISD',1,52664,26017,11802,14845,'','','','','','','','','','','','','1','','',NULL),
	('Corpus Christi','SWA04','Texas',4815270,'CORPUS CHRISTI ISD',1,38678,19809,8625,10244,'','','','','','','','','','','','','1','','',NULL),
	('Houston','SWA07','Texas',4816110,'CYPRESS-FAIRBANKS ISD',2,107960,52604,24352,31004,'','','','','','','','','','','','','1','','',NULL),
	('Dallas','SWA05','Texas',4816230,'DALLAS ISD',1,157575,88078,31479,38018,'','','','','','','','','','','','','1','','',NULL),
	('Corpus Christi','SWA04','Texas',4819380,'FLOUR BLUFF ISD',2,5633,2419,1380,1834,'','','','','','','','','','','','','1','','',NULL),
	('Houston','SWA07','Texas',4819650,'FORT BEND ISD',3,69449,31087,16056,22306,'','','','','','','','','','','','','1','','',NULL),
	('Tarrant County','SWA12','Texas',4819700,'FORT WORTH ISD',1,83109,46761,17096,19252,'','','','','','','','','','','','','1','','',NULL),
	('Dallas','SWA05','Texas',4820010,'FRISCO ISD',5,40123,21671,9089,9363,'','','','','','','','','','','','','1','','',NULL),
	('Dallas','SWA05','Texas',4820340,'GARLAND ISD',2,58151,27942,12893,17316,'','','','','','','','','','','','','1','','',NULL),
	('Corpus Christi','SWA04','Texas',4821780,'GREGORY-PORTLAND ISD',3,4441,2048,1045,1348,'','','','','','','','','','','','','1','','',NULL),
	('Houston','SWA07','Texas',4823640,'HOUSTON ISD',1,203066,115822,38830,48414,'','','','','','','','','','','','','1','','',NULL),
	('Montgomery County','SWA14','Texas',4823910,'HUMBLE ISD',2,36076,16822,8266,10988,'','','','','','','','','','','','','1','','',NULL),
	('San Antonio','SWA11','Texas',4824990,'JUDSON ISD',4,22503,11185,5125,6193,'','','','','','','','','','','','','1','','',NULL),
	('Houston','SWA07','Texas',4825170,'KATY ISD',5,62414,29619,14401,18394,'','','','','','','','','','','','','1','','',NULL),
	('Tarrant County','SWA12','Texas',4825260,'KELLER ISD',3,33130,15660,7863,9607,'','','','','','','','','','','','','1','','',NULL),
	('Austin','SWA02','Texas',4827030,'LEANDER ISD',3,33309,16636,7773,8900,'','','','','','','','','','','','','1','','',NULL),
	('Dallas','SWA05','Texas',4827300,'LEWISVILLE ISD',4,51920,24581,12155,15184,'','','','','','','','','','','','','1','','',NULL),
	('Montgomery County','SWA14','Texas',4828740,'MAGNOLIA ISD',3,12016,5674,2781,3561,'','','','','','','','','','','','','1','','',NULL),
	('Tarrant County','SWA12','Texas',4828920,'MANSFIELD ISD',4,32564,15386,7569,9609,'','','','','','','','','','','','','1','','',NULL),
	('Montgomery County','SWA14','Texas',4832400,'NEW CANEY ISD',5,10884,5649,2470,2765,'','','','','','','','','','','','','1','','',NULL),
	('San Antonio','SWA11','Texas',4832940,'NORTH EAST ISD',2,67439,31734,15377,20328,'','','','','','','','','','','','','1','','',NULL),
	('San Antonio','SWA11','Texas',4833120,'NORTHSIDE ISD',1,98110,48905,21711,27494,'','','','','','','','','','','','','1','','',NULL),
	('Austin','SWA02','Texas',4834830,'PFLUGERVILLE ISD',4,23070,11393,5075,6602,'','','','','','','','','','','','','1','','',NULL),
	('Dallas','SWA05','Texas',4835100,'PLANO ISD',3,55659,26714,12706,16239,'','','','','','','','','','','','','1','','',NULL),
	('Austin','SWA02','Texas',4838080,'ROUND ROCK ISD',2,45034,22343,10074,12617,'','','','','','','','','','','','','1','','',NULL),
	('San Antonio','SWA11','Texas',4838730,'SAN ANTONIO ISD',3,54394,30747,10663,12984,'','','','','','','','','','','','','1','','',NULL),
	('Montgomery County','SWA14','Texas',4842960,'TOMBALL ISD',4,11125,5513,2513,3099,'','','','','','','','','','','','','1','','',NULL),
	('Corpus Christi','SWA04','Texas',4843350,'TULOSO-MIDWAY ISD',5,3588,1662,832,1094,'','','','','','','','','','','','','1','','',NULL),
	('Utah Division','WSA22','Utah',4900142,'CANYONS DISTRICT',4,33946,15999,7595,10352,'','','','','','','','','','','','','1','','',NULL),
	('Utah Division','WSA22','Utah',4900210,'DAVIS DISTRICT',1,69285,34433,15404,19448,'','','','','','','','','','','','','1','','',NULL),
	('Utah Division','WSA22','Utah',4900360,'GRANITE DISTRICT',2,69252,34837,15469,18946,'','','','','','','','','','','','','1','','',NULL),
	('Utah Division','WSA22','Utah',4900420,'JORDAN DISTRICT',3,50961,24893,11385,14683,'','','','','','','','','','','','','1','','',NULL),
	('Utah Division','WSA22','Utah',4900870,'SALT LAKE DISTRICT',5,25016,13410,5006,6600,'','','','','','','','','','','','','1','','',NULL),
	('Vermont','FDA17','Vermont',5002820,'BURLINGTON SCHOOL DISTRICT',1,3958,2121,783,1054,'','','','','','','','','','','','','1','','',NULL),
	('Vermont','FDA17','Vermont',5003240,'COLCHESTER SCHOOL DISTRICT',3,2111,940,507,664,'','','','','','','','','','','','','1','','',NULL),
	('Vermont','FDA17','Vermont',5005610,'MILTON INCORPORATED SCHOOL DISTRICT',4,1722,793,382,547,'','','','','','','','','','','','','1','','',NULL),
	('Vermont','FDA17','Vermont',5005840,'MOUNT MANSFIELD USD #17',5,1707,199,579,929,'','','','','','','','','','','','','1','','',NULL),
	('Vermont','FDA17','Vermont',5007470,'SOUTH BURLINGTON SCHOOL DISTRICT',2,2490,1170,540,780,'','','','','','','','','','','','','1','','',NULL),
	('Hampton Roads','MAA04','Virginia',5100810,'CHESAPEAKE CITY PBLC SCHS',2,39468,17381,9247,12840,'','','','','','','','','','','','','1','','',NULL),
	('Richmond','MAA05','Virginia',5100840,'CHESTERFIELD CO PBLC SCHS',1,59200,26514,13858,18828,'','','','','','','','','','','','','1','','',NULL),
	('Greater Washington Region','MAA03','Virginia',5101260,'FAIRFAX CO PBLC SCHS',1,177606,83041,39201,55364,'','','','','','','','','','','','','1','','',NULL),
	('Hampton Roads','MAA04','Virginia',5101800,'HAMPTON CITY PBLC SCHS',5,21588,10072,4755,6761,'','','','','','','','','','','','','1','','',NULL),
	('Richmond','MAA05','Virginia',5101830,'HANOVER CO PBLC SCHS',4,18531,8138,4372,6021,'','','','','','','','','','','','','1','','',NULL),
	('Richmond','MAA05','Virginia',5101890,'HENRICO CO PBLC SCHS',2,49654,23269,11347,15038,'','','','','','','','','','','','','1','','',NULL),
	('Greater Washington Region','MAA03','Virginia',5102250,'LOUDOUN CO PBLC SCHS',5,65585,32719,14812,18054,'','','','','','','','','','','','','1','','',NULL),
	('Hampton Roads','MAA04','Virginia',5102640,'NEWPORT NEWS CITY PBLC SCHS',4,29948,15380,6211,8357,'','','','','','','','','','','','','1','','',NULL),
	('Hampton Roads','MAA04','Virginia',5102670,'NORFOLK CITY PBLC SCHS',3,33461,18351,6778,8332,'','','','','','','','','','','','','1','','',NULL),
	('Richmond','MAA05','Virginia',5103090,'PRINCE GEORGE CO PBLC SCHS',5,6438,3005,1563,1870,'','','','','','','','','','','','','1','','',NULL),
	('Greater Washington Region','MAA03','Virginia',5103130,'PRINCE WILLIAM CO PBLC SCHS',4,81937,39392,18506,24039,'','','','','','','','','','','','','1','','',NULL),
	('Richmond','MAA05','Virginia',5103240,'RICHMOND CITY PBLC SCHS',3,23336,13120,4639,5577,'','','','','','','','','','','','','1','','',NULL),
	('Hampton Roads','MAA04','Virginia',5103840,'VA BEACH CITY PBLC SCHS',1,70978,32977,16133,21868,'','','','','','','','','','','','','1','','',NULL),
	('Tacoma','WSA20','Washington',5300300,'AUBURN SCHOOL DISTRICT',4,14508,6416,3139,4953,'','','','','','','','','','','','','1','','',NULL),
	('Tacoma','WSA20','Washington',5300480,'BETHEL SCHOOL DISTRICT',3,17962,8080,4264,5618,'','','','','','','','','','','','','1','','',NULL),
	('Tacoma','WSA20','Washington',5301410,'CLOVER PARK SCHOOL DISTRICT',5,12358,6979,2536,2843,'','','','','','','','','','','','','1','','',NULL),
	('Seattle','WSA18','Washington',5302400,'EDMONDS SCHOOL DISTRICT',5,20587,9189,4557,6841,'','','','','','','','','','','','','1','','',NULL),
	('Portland','WSA12','Washington',5302700,'EVERGREEN SCHOOL DISTRICT (CLARK)',3,26333,11625,6321,8387,'','','','','','','','','','','','','1','','',NULL),
	('Seattle','WSA18','Washington',5302820,'FEDERAL WAY SCHOOL DISTRICT',4,22279,9877,5152,7250,'','','','','','','','','','','','','1','','',NULL),
	('Seattle','WSA18','Washington',5303960,'KENT SCHOOL DISTRICT',2,27160,12073,6342,8745,'','','','','','','','','','','','','1','','',NULL),
	('Seattle','WSA18','Washington',5304230,'LAKE WASHINGTON SCHOOL DISTRICT',3,24924,12574,5583,6767,'','','','','','','','','','','','','1','','',NULL),
	('Tacoma','WSA20','Washington',5306960,'PUYALLUP SCHOOL DISTRICT',2,20810,9048,5021,6741,'','','','','','','','','','','','','1','','',NULL),
	('Seattle','WSA18','Washington',5307710,'SEATTLE PUBLIC SCHOOLS',1,49269,25631,10005,13633,'','','','','','','','','','','','','1','','',NULL),
	('Tacoma','WSA20','Washington',5308700,'TACOMA SCHOOL DISTRICT',1,28540,13883,6211,8446,'','','','','','','','','','','','','1','','',NULL),
	('Portland','WSA12','Washington',5309270,'VANCOUVER SCHOOL DISTRICT',4,22713,10623,5101,6989,'','','','','','','','','','','','','1','','',NULL),
	('Charleston','GRA07','West Virginia',5400090,'BOONE COUNTY SCHOOLS',3,4553,2321,990,1242,'','','','','','','','','','','','','1','','',NULL),
	('Charleston','GRA07','West Virginia',5400240,'CLAY COUNTY SCHOOLS',5,2047,998,447,602,'','','','','','','','','','','','','1','','',NULL),
	('Charleston','GRA07','West Virginia',5400600,'KANAWHA COUNTY SCHOOLS',1,28429,14048,6380,8001,'','','','','','','','','','','','','1','','',NULL),
	('Charleston','GRA07','West Virginia',5400660,'LINCOLN COUNTY SCHOOLS',4,3689,1948,849,892,'','','','','','','','','','','','','1','','',NULL),
	('Charleston','GRA07','West Virginia',5401200,'PUTNAM COUNTY SCHOOLS',2,9779,4827,2211,2741,'','','','','','','','','','','','','1','','',NULL),
	('Milwaukee','MWA06','Wisconsin',5501770,'ELMBROOK SCHOOL DISTRICT',5,7154,2817,1729,2608,'','','','','','','','','','','','','1','','',NULL),
	('Chicago','MWA01','Wisconsin',5507320,'KENOSHA SCHOOL DISTRICT',5,22905,10978,5043,6884,'','','','','','','','','','','','','1','','',NULL),
	('Madison','MWA11','Wisconsin',5508520,'MADISON METROPOLITAN SCHOOL DISTRICT',1,26817,14201,5144,7472,'','','','','','','','','','','','','1','','',NULL),
	('Madison','MWA11','Wisconsin',5509510,'MIDDLETON-CROSS PLAINS AREA SCHOOL DISTRICT',3,6446,3027,1382,2037,'','','','','','','','','','','','','1','','',NULL),
	('Milwaukee','MWA06','Wisconsin',5509600,'MILWAUKEE SCHOOL DISTRICT',1,79130,41852,15629,21649,'','','','','','','','','','','','','1','','',NULL),
	('Madison','MWA11','Wisconsin',5514640,'SUN PRAIRIE AREA SCHOOL DISTRICT',2,7095,3642,1481,1972,'','','','','','','','','','','','','1','','',NULL),
	('Madison','MWA11','Wisconsin',5515330,'VERONA AREA SCHOOL DISTRICT',4,4892,2284,1083,1525,'','','','','','','','','','','','','1','','',NULL),
	('Milwaukee','MWA06','Wisconsin',5515780,'WAUKESHA SCHOOL DISTRICT',2,13770,6378,2895,4497,'','','','','','','','','','','','','1','','',NULL),
	('Madison','MWA11','Wisconsin',5515810,'WAUNAKEE COMMUNITY SCHOOL DISTRICT',5,3874,1870,868,1136,'','','','','','','','','','','','','1','','',NULL),
	('Milwaukee','MWA06','Wisconsin',5515990,'WAUWATOSA SCHOOL DISTRICT',4,7275,3446,1541,2288,'','','','','','','','','','','','','1','','',NULL),
	('Milwaukee','MWA06','Wisconsin',5516260,'WEST ALLIS-WEST MILWAUKEE SCHOOL DISTRICT',3,9281,4275,1829,3177,'','','','','','','','','','','','','1','','',NULL);

/*!40000 ALTER TABLE `wp_aha_assessment_school` ENABLE KEYS */;
UNLOCK TABLES;



/*!40111 SET SQL_NOTES=@OLD_SQL_NOTES */;
/*!40101 SET SQL_MODE=@OLD_SQL_MODE */;
/*!40014 SET FOREIGN_KEY_CHECKS=@OLD_FOREIGN_KEY_CHECKS */;
/*!40101 SET CHARACTER_SET_CLIENT=@OLD_CHARACTER_SET_CLIENT */;
/*!40101 SET CHARACTER_SET_RESULTS=@OLD_CHARACTER_SET_RESULTS */;
/*!40101 SET COLLATION_CONNECTION=@OLD_COLLATION_CONNECTION */;
